date,cases_accumulated,recovered,deceased,Isla,hospitalized,intensive_care
2020-04-01,3,0,0,El Hierro,1,0
2020-04-02,3,0,0,El Hierro,1,0
2020-04-03,3,1,0,El Hierro,2,0
2020-04-04,3,1,0,El Hierro,2,0
2020-04-05,3,1,0,El Hierro,1,0
2020-04-06,3,1,0,El Hierro,2,0
2020-04-07,3,1,0,El Hierro,1,0
2020-04-08,3,2,0,El Hierro,1,0
2020-04-09,3,2,0,El Hierro,2,0
2020-04-10,3,2,0,El Hierro,2,0
2020-04-11,3,2,0,El Hierro,2,0
2020-04-12,3,2,0,El Hierro,0,0
2020-04-13,3,2,0,El Hierro,0,0
2020-04-14,3,2,0,El Hierro,0,0
2020-04-15,3,2,0,El Hierro,0,0
2020-04-16,3,2,0,El Hierro,0,0
2020-04-17,3,2,0,El Hierro,0,0
2020-04-18,3,2,0,El Hierro,0,0
2020-04-19,3,2,0,El Hierro,0,0
2020-04-20,3,2,0,El Hierro,0,0
2020-04-21,3,2,0,El Hierro,0,0
2020-04-22,3,2,0,El Hierro,0,0
2020-04-23,3,2,0,El Hierro,0,0
2020-04-24,3,2,0,El Hierro,0,0
2020-04-25,3,2,0,El Hierro,0,0
2020-04-26,3,2,0,El Hierro,0,0
2020-04-27,3,2,0,El Hierro,0,0
2020-04-28,3,2,0,El Hierro,0,0
2020-04-29,3,2,0,El Hierro,1,0
2020-04-30,3,2,0,El Hierro,0,0
2020-08-01,3,3,0,El Hierro,0,0
2020-08-02,3,3,0,El Hierro,0,0
2020-08-03,3,3,0,El Hierro,0,0
2020-08-04,3,3,0,El Hierro,0,0
2020-08-05,3,3,0,El Hierro,0,0
2020-08-06,3,3,0,El Hierro,0,0
2020-08-07,3,3,0,El Hierro,0,0
2020-08-08,3,3,0,El Hierro,0,0
2020-08-09,3,3,0,El Hierro,0,0
2020-08-10,3,3,0,El Hierro,0,0
2020-08-11,3,3,0,El Hierro,0,0
2020-08-12,3,3,0,El Hierro,0,0
2020-08-13,3,3,0,El Hierro,0,0
2020-08-14,3,3,0,El Hierro,0,0
2020-08-15,3,3,0,El Hierro,0,0
2020-08-16,3,3,0,El Hierro,0,0
2020-08-17,3,3,0,El Hierro,0,0
2020-08-18,3,3,0,El Hierro,0,0
2020-08-19,3,3,0,El Hierro,0,0
2020-08-20,3,3,0,El Hierro,0,0
2020-08-21,3,3,0,El Hierro,0,0
2020-08-22,5,3,0,El Hierro,0,0
2020-08-23,9,3,0,El Hierro,0,0
2020-08-24,11,3,0,El Hierro,0,0
2020-08-25,12,3,0,El Hierro,0,0
2020-08-26,12,3,0,El Hierro,0,0
2020-08-27,14,3,0,El Hierro,0,0
2020-08-28,14,3,0,El Hierro,0,0
2020-08-29,18,3,0,El Hierro,0,0
2020-08-30,39,3,0,El Hierro,0,0
2020-08-31,40,3,0,El Hierro,0,0
2020-12-01,69,67,1,El Hierro,0,0
2020-12-02,69,67,1,El Hierro,0,0
2020-12-03,69,68,1,El Hierro,0,0
2020-12-04,69,68,1,El Hierro,1,0
2020-12-05,69,68,1,El Hierro,1,0
2020-12-06,69,68,1,El Hierro,1,0
2020-12-07,69,68,1,El Hierro,1,0
2020-12-08,69,68,1,El Hierro,1,0
2020-12-09,69,68,1,El Hierro,1,0
2020-12-10,69,68,1,El Hierro,1,0
2020-12-11,69,68,1,El Hierro,1,0
2020-12-12,69,68,1,El Hierro,1,0
2020-12-13,69,68,1,El Hierro,1,0
2020-12-14,69,68,1,El Hierro,0,0
2020-12-15,69,68,1,El Hierro,1,0
2020-12-16,69,68,1,El Hierro,1,0
2020-12-17,70,68,1,El Hierro,0,0
2020-12-18,70,68,1,El Hierro,0,0
2020-12-19,70,68,1,El Hierro,0,0
2020-12-20,71,68,1,El Hierro,0,0
2020-12-21,72,68,1,El Hierro,0,0
2020-12-22,73,68,1,El Hierro,0,0
2020-12-23,73,68,1,El Hierro,0,0
2020-12-24,73,68,1,El Hierro,0,0
2020-12-25,73,68,1,El Hierro,0,0
2020-12-26,74,68,1,El Hierro,0,0
2020-12-27,74,68,1,El Hierro,0,0
2020-12-28,74,69,1,El Hierro,0,0
2020-12-29,79,69,1,El Hierro,NA,NA
2020-12-30,79,70,1,El Hierro,NA,NA
2020-12-31,83,70,1,El Hierro,NA,NA
2020-02-25,0,0,0,El Hierro,NA,NA
2020-02-27,0,0,0,El Hierro,NA,NA
2020-02-28,0,0,0,El Hierro,NA,NA
2020-02-29,0,0,0,El Hierro,NA,NA
2021-01-01,83,70,1,El Hierro,NA,NA
2021-01-02,83,70,1,El Hierro,NA,NA
2021-01-03,84,70,1,El Hierro,NA,NA
2020-01-31,0,0,0,El Hierro,NA,NA
2020-07-01,3,3,0,El Hierro,0,0
2020-07-02,3,3,0,El Hierro,0,0
2020-07-03,3,3,0,El Hierro,0,0
2020-07-04,3,3,0,El Hierro,0,0
2020-07-06,3,3,0,El Hierro,0,0
2020-07-08,3,3,0,El Hierro,0,0
2020-07-09,3,3,0,El Hierro,0,0
2020-07-10,3,3,0,El Hierro,0,0
2020-07-11,3,3,0,El Hierro,0,0
2020-07-12,3,3,0,El Hierro,0,0
2020-07-13,3,3,0,El Hierro,0,0
2020-07-14,3,3,0,El Hierro,0,0
2020-07-15,3,3,0,El Hierro,0,0
2020-07-16,3,3,0,El Hierro,0,0
2020-07-17,3,3,0,El Hierro,0,0
2020-07-18,3,3,0,El Hierro,0,0
2020-07-19,3,3,0,El Hierro,0,0
2020-07-20,3,3,0,El Hierro,0,0
2020-07-21,3,3,0,El Hierro,0,0
2020-07-22,3,3,0,El Hierro,0,0
2020-07-23,3,3,0,El Hierro,0,0
2020-07-24,3,3,0,El Hierro,0,0
2020-07-25,3,3,0,El Hierro,0,0
2020-07-26,3,3,0,El Hierro,0,0
2020-07-27,3,3,0,El Hierro,0,0
2020-07-28,3,3,0,El Hierro,0,0
2020-07-29,3,3,0,El Hierro,0,0
2020-07-30,3,3,0,El Hierro,0,0
2020-07-31,3,3,0,El Hierro,0,0
2020-06-01,3,3,0,El Hierro,0,0
2020-06-02,3,3,0,El Hierro,1,0
2020-06-03,3,3,0,El Hierro,0,0
2020-06-04,3,3,0,El Hierro,0,0
2020-06-05,3,3,0,El Hierro,0,0
2020-06-06,3,3,0,El Hierro,2,0
2020-06-07,3,3,0,El Hierro,0,0
2020-06-08,3,3,0,El Hierro,0,0
2020-06-09,3,3,0,El Hierro,0,0
2020-06-10,3,3,0,El Hierro,0,0
2020-06-11,3,3,0,El Hierro,0,0
2020-06-12,3,3,0,El Hierro,0,0
2020-06-13,3,3,0,El Hierro,0,0
2020-06-14,3,3,0,El Hierro,0,0
2020-06-15,3,3,0,El Hierro,0,0
2020-06-16,3,3,0,El Hierro,0,0
2020-06-17,3,3,0,El Hierro,0,0
2020-06-18,3,3,0,El Hierro,0,0
2020-06-19,3,3,0,El Hierro,0,0
2020-06-20,3,3,0,El Hierro,0,0
2020-06-21,3,3,0,El Hierro,0,0
2020-06-22,3,3,0,El Hierro,0,0
2020-06-23,3,3,0,El Hierro,0,0
2020-06-24,3,3,0,El Hierro,0,0
2020-06-25,3,3,0,El Hierro,0,0
2020-06-26,3,3,0,El Hierro,0,0
2020-06-27,3,3,0,El Hierro,0,0
2020-06-28,3,3,0,El Hierro,0,0
2020-06-29,3,3,0,El Hierro,0,0
2020-06-30,3,3,0,El Hierro,0,0
2020-03-03,0,0,0,El Hierro,NA,NA
2020-03-04,0,0,0,El Hierro,NA,NA
2020-03-05,0,0,0,El Hierro,NA,NA
2020-03-06,0,0,0,El Hierro,NA,NA
2020-03-07,0,0,0,El Hierro,NA,NA
2020-03-08,0,0,0,El Hierro,NA,NA
2020-03-09,0,0,0,El Hierro,NA,NA
2020-03-10,0,0,0,El Hierro,NA,NA
2020-03-11,0,0,0,El Hierro,NA,NA
2020-03-12,0,0,0,El Hierro,NA,NA
2020-03-13,0,0,0,El Hierro,NA,NA
2020-03-14,0,0,0,El Hierro,NA,NA
2020-03-15,0,0,0,El Hierro,NA,NA
2020-03-16,0,0,0,El Hierro,NA,NA
2020-03-17,0,0,0,El Hierro,NA,NA
2020-03-18,0,0,0,El Hierro,NA,NA
2020-03-19,1,0,0,El Hierro,NA,NA
2020-03-20,2,0,0,El Hierro,NA,NA
2020-03-21,2,0,0,El Hierro,NA,NA
2020-03-22,3,0,0,El Hierro,NA,NA
2020-03-23,3,0,0,El Hierro,3,0
2020-03-24,3,0,0,El Hierro,3,0
2020-03-25,3,0,0,El Hierro,3,0
2020-03-26,3,0,0,El Hierro,3,0
2020-03-27,3,0,0,El Hierro,2,0
2020-03-28,3,0,0,El Hierro,2,0
2020-03-29,3,0,0,El Hierro,3,0
2020-03-30,3,0,0,El Hierro,1,0
2020-03-31,3,0,0,El Hierro,1,0
2020-05-01,3,2,0,El Hierro,0,0
2020-05-02,3,2,0,El Hierro,0,0
2020-05-03,3,2,0,El Hierro,0,0
2020-05-04,3,2,0,El Hierro,0,0
2020-05-05,3,2,0,El Hierro,0,0
2020-05-06,3,2,0,El Hierro,0,0
2020-05-07,3,2,0,El Hierro,1,0
2020-05-08,3,2,0,El Hierro,1,0
2020-05-09,3,2,0,El Hierro,1,0
2020-05-10,3,2,0,El Hierro,0,0
2020-05-11,3,2,0,El Hierro,0,0
2020-05-12,3,3,0,El Hierro,1,0
2020-05-13,3,3,0,El Hierro,0,0
2020-05-14,3,3,0,El Hierro,0,0
2020-05-15,3,3,0,El Hierro,0,0
2020-05-16,3,3,0,El Hierro,1,0
2020-05-17,3,3,0,El Hierro,0,0
2020-05-18,3,3,0,El Hierro,0,0
2020-05-19,3,3,0,El Hierro,0,0
2020-05-20,3,3,0,El Hierro,0,0
2020-05-21,3,3,0,El Hierro,0,0
2020-05-22,3,3,0,El Hierro,0,0
2020-05-23,3,3,0,El Hierro,0,0
2020-05-24,3,3,0,El Hierro,0,0
2020-05-25,3,3,0,El Hierro,0,0
2020-05-26,3,3,0,El Hierro,0,0
2020-05-27,3,3,0,El Hierro,0,0
2020-05-28,3,3,0,El Hierro,0,0
2020-05-29,3,3,0,El Hierro,0,0
2020-05-30,3,3,0,El Hierro,0,0
2020-05-31,3,3,0,El Hierro,0,0
2020-11-01,66,61,1,El Hierro,0,0
2020-11-02,66,63,1,El Hierro,0,0
2020-11-03,66,64,1,El Hierro,0,0
2020-11-04,66,64,1,El Hierro,0,0
2020-11-05,66,64,1,El Hierro,0,0
2020-11-06,66,65,1,El Hierro,0,0
2020-11-07,66,65,1,El Hierro,0,0
2020-11-08,66,65,1,El Hierro,0,0
2020-11-09,66,65,1,El Hierro,0,0
2020-11-10,67,65,1,El Hierro,0,0
2020-11-11,67,65,1,El Hierro,0,0
2020-11-12,67,65,1,El Hierro,0,0
2020-11-13,67,65,1,El Hierro,0,0
2020-11-14,67,65,1,El Hierro,1,0
2020-11-15,67,65,1,El Hierro,1,0
2020-11-16,67,65,1,El Hierro,1,0
2020-11-17,67,65,1,El Hierro,1,0
2020-11-18,67,65,1,El Hierro,1,0
2020-11-19,67,65,1,El Hierro,1,0
2020-11-20,68,66,1,El Hierro,1,0
2020-11-21,68,66,1,El Hierro,1,0
2020-11-22,68,66,1,El Hierro,0,0
2020-11-23,69,66,1,El Hierro,0,0
2020-11-24,69,66,1,El Hierro,0,0
2020-11-25,69,66,1,El Hierro,0,0
2020-11-26,69,66,1,El Hierro,0,0
2020-11-27,69,66,1,El Hierro,0,0
2020-11-28,69,66,1,El Hierro,0,0
2020-11-29,69,66,1,El Hierro,0,0
2020-11-30,69,67,1,El Hierro,0,0
2020-10-01,49,48,0,El Hierro,0,0
2020-10-02,49,48,0,El Hierro,0,0
2020-10-03,49,48,0,El Hierro,0,0
2020-10-04,49,48,0,El Hierro,0,0
2020-10-05,49,48,0,El Hierro,0,0
2020-10-06,51,48,0,El Hierro,0,0
2020-10-07,51,48,0,El Hierro,0,0
2020-10-08,51,48,0,El Hierro,0,0
2020-10-09,51,48,0,El Hierro,0,0
2020-10-10,51,48,0,El Hierro,0,0
2020-10-11,51,48,0,El Hierro,0,0
2020-10-12,52,49,0,El Hierro,1,0
2020-10-13,53,49,0,El Hierro,1,0
2020-10-14,54,49,0,El Hierro,3,0
2020-10-15,55,49,0,El Hierro,2,0
2020-10-16,56,51,0,El Hierro,2,0
2020-10-17,57,51,0,El Hierro,1,0
2020-10-18,57,52,0,El Hierro,1,0
2020-10-19,57,52,0,El Hierro,1,0
2020-10-20,60,52,0,El Hierro,1,0
2020-10-21,61,52,1,El Hierro,1,0
2020-10-22,61,52,1,El Hierro,1,0
2020-10-23,64,52,1,El Hierro,1,0
2020-10-24,65,52,1,El Hierro,1,0
2020-10-25,65,53,1,El Hierro,1,0
2020-10-26,65,55,1,El Hierro,1,0
2020-10-27,66,56,1,El Hierro,1,0
2020-10-28,66,57,1,El Hierro,1,0
2020-10-29,66,59,1,El Hierro,1,0
2020-10-30,66,61,1,El Hierro,1,0
2020-10-31,66,61,1,El Hierro,1,0
2020-09-01,40,3,0,El Hierro,0,0
2020-09-02,40,3,0,El Hierro,0,0
2020-09-03,41,3,0,El Hierro,0,0
2020-09-04,41,3,0,El Hierro,0,0
2020-09-05,42,3,0,El Hierro,0,0
2020-09-06,42,3,0,El Hierro,0,0
2020-09-07,46,3,0,El Hierro,0,0
2020-09-08,47,3,0,El Hierro,1,0
2020-09-09,47,5,0,El Hierro,1,0
2020-09-10,47,29,0,El Hierro,1,0
2020-09-11,47,29,0,El Hierro,1,0
2020-09-12,47,29,0,El Hierro,1,0
2020-09-13,47,29,0,El Hierro,1,0
2020-09-14,47,34,0,El Hierro,1,0
2020-09-15,47,35,0,El Hierro,1,0
2020-09-16,47,39,0,El Hierro,1,0
2020-09-17,47,45,0,El Hierro,1,0
2020-09-18,48,47,0,El Hierro,0,0
2020-09-19,48,47,0,El Hierro,0,0
2020-09-20,48,48,0,El Hierro,0,0
2020-09-21,48,48,0,El Hierro,0,0
2020-09-22,48,48,0,El Hierro,0,0
2020-09-23,48,48,0,El Hierro,0,0
2020-09-24,48,48,0,El Hierro,0,0
2020-09-25,48,48,0,El Hierro,0,0
2020-09-26,48,48,0,El Hierro,0,0
2020-09-27,48,48,0,El Hierro,0,0
2020-09-28,48,48,0,El Hierro,0,0
2020-09-29,48,48,0,El Hierro,0,0
2020-09-30,49,48,0,El Hierro,0,0
2020-04-01,33,11,0,Fuerteventura,4,2
2020-04-02,34,12,0,Fuerteventura,4,2
2020-04-03,35,15,0,Fuerteventura,7,2
2020-04-04,35,15,0,Fuerteventura,4,2
2020-04-05,36,17,0,Fuerteventura,4,2
2020-04-06,37,18,0,Fuerteventura,3,2
2020-04-07,37,18,0,Fuerteventura,4,2
2020-04-08,38,20,0,Fuerteventura,3,2
2020-04-09,38,20,0,Fuerteventura,3,2
2020-04-10,39,20,0,Fuerteventura,3,2
2020-04-11,39,23,0,Fuerteventura,3,2
2020-04-12,39,23,0,Fuerteventura,5,2
2020-04-13,39,24,0,Fuerteventura,3,2
2020-04-14,39,28,0,Fuerteventura,2,1
2020-04-15,39,30,0,Fuerteventura,3,1
2020-04-16,39,30,0,Fuerteventura,3,1
2020-04-17,42,32,0,Fuerteventura,3,1
2020-04-18,42,32,0,Fuerteventura,3,1
2020-04-19,43,34,0,Fuerteventura,2,1
2020-04-20,43,34,0,Fuerteventura,2,1
2020-04-21,43,34,0,Fuerteventura,4,1
2020-04-22,44,34,0,Fuerteventura,3,2
2020-04-23,44,35,0,Fuerteventura,3,2
2020-04-24,44,35,0,Fuerteventura,4,2
2020-04-25,44,36,0,Fuerteventura,4,2
2020-04-26,44,36,0,Fuerteventura,2,2
2020-04-27,44,37,0,Fuerteventura,5,2
2020-04-28,44,40,0,Fuerteventura,4,2
2020-04-29,44,40,0,Fuerteventura,2,2
2020-04-30,44,40,0,Fuerteventura,3,2
2020-08-01,147,143,0,Fuerteventura,0,0
2020-08-02,147,143,0,Fuerteventura,0,0
2020-08-03,152,143,0,Fuerteventura,0,0
2020-08-04,153,144,0,Fuerteventura,0,0
2020-08-05,154,144,0,Fuerteventura,0,0
2020-08-06,154,144,0,Fuerteventura,0,0
2020-08-07,155,144,0,Fuerteventura,1,0
2020-08-08,155,145,0,Fuerteventura,1,0
2020-08-09,155,145,0,Fuerteventura,1,0
2020-08-10,157,145,0,Fuerteventura,1,0
2020-08-11,160,145,0,Fuerteventura,0,0
2020-08-12,163,146,0,Fuerteventura,0,0
2020-08-13,163,147,0,Fuerteventura,0,0
2020-08-14,164,147,0,Fuerteventura,0,0
2020-08-15,164,147,0,Fuerteventura,1,0
2020-08-16,164,147,0,Fuerteventura,1,0
2020-08-17,166,148,0,Fuerteventura,1,0
2020-08-18,172,149,0,Fuerteventura,1,0
2020-08-19,181,149,0,Fuerteventura,0,0
2020-08-20,184,151,0,Fuerteventura,0,0
2020-08-21,189,151,0,Fuerteventura,0,0
2020-08-22,202,153,0,Fuerteventura,1,0
2020-08-23,202,154,0,Fuerteventura,1,0
2020-08-24,203,154,0,Fuerteventura,1,0
2020-08-25,209,160,0,Fuerteventura,1,0
2020-08-26,224,162,0,Fuerteventura,0,0
2020-08-27,230,165,0,Fuerteventura,2,0
2020-08-28,236,173,0,Fuerteventura,2,1
2020-08-29,264,176,0,Fuerteventura,2,1
2020-08-30,282,178,0,Fuerteventura,2,1
2020-08-31,290,186,0,Fuerteventura,3,0
2020-12-01,912,850,4,Fuerteventura,1,0
2020-12-02,923,850,4,Fuerteventura,1,0
2020-12-03,925,858,4,Fuerteventura,1,0
2020-12-04,931,866,4,Fuerteventura,1,0
2020-12-05,931,868,4,Fuerteventura,0,0
2020-12-06,934,873,4,Fuerteventura,0,0
2020-12-07,935,880,4,Fuerteventura,1,0
2020-12-08,935,880,4,Fuerteventura,2,0
2020-12-09,939,888,4,Fuerteventura,2,0
2020-12-10,941,888,4,Fuerteventura,1,0
2020-12-11,941,892,4,Fuerteventura,1,0
2020-12-12,942,898,4,Fuerteventura,1,0
2020-12-13,944,902,4,Fuerteventura,1,0
2020-12-14,945,906,4,Fuerteventura,2,0
2020-12-15,950,909,4,Fuerteventura,1,0
2020-12-16,952,915,4,Fuerteventura,0,0
2020-12-17,957,920,4,Fuerteventura,0,0
2020-12-18,960,921,4,Fuerteventura,2,0
2020-12-19,968,923,4,Fuerteventura,1,0
2020-12-20,968,923,4,Fuerteventura,1,0
2020-12-21,969,923,4,Fuerteventura,1,0
2020-12-22,978,923,4,Fuerteventura,2,0
2020-12-23,981,925,4,Fuerteventura,2,0
2020-12-24,985,927,4,Fuerteventura,2,1
2020-12-25,987,931,4,Fuerteventura,1,0
2020-12-26,989,931,4,Fuerteventura,1,0
2020-12-27,990,933,4,Fuerteventura,1,0
2020-12-28,990,940,4,Fuerteventura,2,0
2020-12-29,999,942,4,Fuerteventura,NA,NA
2020-12-30,1004,946,4,Fuerteventura,NA,NA
2020-12-31,1014,953,4,Fuerteventura,NA,NA
2020-02-25,0,0,0,Fuerteventura,NA,NA
2020-02-27,0,0,0,Fuerteventura,NA,NA
2020-02-28,0,0,0,Fuerteventura,NA,NA
2020-02-29,0,0,0,Fuerteventura,NA,NA
2021-01-01,1015,958,4,Fuerteventura,NA,NA
2021-01-02,1017,959,4,Fuerteventura,NA,NA
2021-01-03,1024,962,4,Fuerteventura,NA,NA
2020-01-31,0,0,0,Fuerteventura,NA,NA
2020-07-01,86,58,0,Fuerteventura,0,0
2020-07-02,87,61,0,Fuerteventura,1,0
2020-07-03,89,61,0,Fuerteventura,0,0
2020-07-04,89,61,0,Fuerteventura,0,0
2020-07-06,89,61,0,Fuerteventura,0,0
2020-07-08,89,61,0,Fuerteventura,0,0
2020-07-09,89,61,0,Fuerteventura,0,0
2020-07-10,90,65,0,Fuerteventura,0,0
2020-07-11,90,66,0,Fuerteventura,0,0
2020-07-12,90,66,0,Fuerteventura,0,0
2020-07-13,91,69,0,Fuerteventura,0,0
2020-07-14,91,86,0,Fuerteventura,0,0
2020-07-15,95,86,0,Fuerteventura,0,0
2020-07-16,96,86,0,Fuerteventura,1,0
2020-07-17,97,87,0,Fuerteventura,0,0
2020-07-18,97,88,0,Fuerteventura,0,0
2020-07-19,143,88,0,Fuerteventura,0,0
2020-07-20,143,90,0,Fuerteventura,0,0
2020-07-21,143,90,0,Fuerteventura,1,1
2020-07-22,143,90,0,Fuerteventura,0,0
2020-07-23,143,98,0,Fuerteventura,0,0
2020-07-24,143,112,0,Fuerteventura,0,0
2020-07-25,144,115,0,Fuerteventura,0,0
2020-07-26,144,116,0,Fuerteventura,0,0
2020-07-27,144,117,0,Fuerteventura,0,0
2020-07-28,144,118,0,Fuerteventura,0,0
2020-07-29,145,135,0,Fuerteventura,0,0
2020-07-30,146,136,0,Fuerteventura,0,0
2020-07-31,146,143,0,Fuerteventura,0,0
2020-06-01,45,45,0,Fuerteventura,0,0
2020-06-02,45,45,0,Fuerteventura,0,0
2020-06-03,45,45,0,Fuerteventura,0,0
2020-06-04,46,45,0,Fuerteventura,0,0
2020-06-05,46,45,0,Fuerteventura,0,0
2020-06-06,46,45,0,Fuerteventura,0,0
2020-06-07,46,45,0,Fuerteventura,0,0
2020-06-08,46,45,0,Fuerteventura,0,0
2020-06-09,46,45,0,Fuerteventura,1,0
2020-06-10,46,45,0,Fuerteventura,0,0
2020-06-11,46,45,0,Fuerteventura,0,0
2020-06-12,46,45,0,Fuerteventura,1,0
2020-06-13,46,45,0,Fuerteventura,1,0
2020-06-14,46,45,0,Fuerteventura,1,0
2020-06-15,46,46,0,Fuerteventura,0,0
2020-06-16,46,46,0,Fuerteventura,1,0
2020-06-17,60,46,0,Fuerteventura,0,0
2020-06-18,60,46,0,Fuerteventura,1,0
2020-06-19,60,46,0,Fuerteventura,1,0
2020-06-20,71,46,0,Fuerteventura,0,0
2020-06-21,71,46,0,Fuerteventura,0,0
2020-06-22,71,46,0,Fuerteventura,0,0
2020-06-23,77,46,0,Fuerteventura,1,0
2020-06-24,79,47,0,Fuerteventura,0,0
2020-06-25,79,47,0,Fuerteventura,0,0
2020-06-26,79,47,0,Fuerteventura,0,0
2020-06-27,79,47,0,Fuerteventura,0,0
2020-06-28,79,47,0,Fuerteventura,2,0
2020-06-29,79,47,0,Fuerteventura,0,0
2020-06-30,83,51,0,Fuerteventura,0,0
2020-03-03,0,0,0,Fuerteventura,NA,NA
2020-03-04,0,0,0,Fuerteventura,NA,NA
2020-03-05,0,0,0,Fuerteventura,NA,NA
2020-03-06,0,0,0,Fuerteventura,NA,NA
2020-03-07,1,0,0,Fuerteventura,NA,NA
2020-03-08,1,0,0,Fuerteventura,NA,NA
2020-03-09,1,0,0,Fuerteventura,NA,NA
2020-03-10,1,0,0,Fuerteventura,NA,NA
2020-03-11,1,0,0,Fuerteventura,NA,NA
2020-03-12,1,0,0,Fuerteventura,NA,NA
2020-03-13,1,0,0,Fuerteventura,NA,NA
2020-03-14,3,0,0,Fuerteventura,NA,NA
2020-03-15,6,0,0,Fuerteventura,NA,NA
2020-03-16,6,0,0,Fuerteventura,NA,NA
2020-03-17,11,0,0,Fuerteventura,NA,NA
2020-03-18,12,1,0,Fuerteventura,NA,NA
2020-03-19,13,1,0,Fuerteventura,NA,NA
2020-03-20,14,1,0,Fuerteventura,NA,NA
2020-03-21,18,1,0,Fuerteventura,NA,NA
2020-03-22,19,1,0,Fuerteventura,NA,NA
2020-03-23,19,1,0,Fuerteventura,0,0
2020-03-24,24,1,0,Fuerteventura,1,0
2020-03-25,27,1,0,Fuerteventura,1,0
2020-03-26,28,1,0,Fuerteventura,2,0
2020-03-27,30,1,0,Fuerteventura,3,1
2020-03-28,31,5,0,Fuerteventura,3,1
2020-03-29,32,6,0,Fuerteventura,2,2
2020-03-30,33,9,0,Fuerteventura,2,2
2020-03-31,33,10,0,Fuerteventura,3,1
2020-05-01,44,40,0,Fuerteventura,3,2
2020-05-02,44,41,0,Fuerteventura,3,2
2020-05-03,44,41,0,Fuerteventura,2,2
2020-05-04,44,41,0,Fuerteventura,3,1
2020-05-05,44,42,0,Fuerteventura,1,1
2020-05-06,44,42,0,Fuerteventura,1,1
2020-05-07,44,42,0,Fuerteventura,1,1
2020-05-08,44,42,0,Fuerteventura,1,1
2020-05-09,44,42,0,Fuerteventura,2,1
2020-05-10,44,42,0,Fuerteventura,1,1
2020-05-11,44,42,0,Fuerteventura,3,1
2020-05-12,44,42,0,Fuerteventura,1,1
2020-05-13,45,42,0,Fuerteventura,1,1
2020-05-14,45,42,0,Fuerteventura,1,1
2020-05-15,45,42,0,Fuerteventura,1,1
2020-05-16,45,42,0,Fuerteventura,1,1
2020-05-17,45,42,0,Fuerteventura,1,1
2020-05-18,45,42,0,Fuerteventura,2,1
2020-05-19,45,42,0,Fuerteventura,1,1
2020-05-20,45,42,0,Fuerteventura,2,1
2020-05-21,45,42,0,Fuerteventura,1,1
2020-05-22,45,43,0,Fuerteventura,1,1
2020-05-23,45,43,0,Fuerteventura,1,1
2020-05-24,45,43,0,Fuerteventura,2,1
2020-05-25,45,44,0,Fuerteventura,3,0
2020-05-26,45,44,0,Fuerteventura,1,0
2020-05-27,45,45,0,Fuerteventura,0,0
2020-05-28,45,45,0,Fuerteventura,0,0
2020-05-29,45,45,0,Fuerteventura,0,0
2020-05-30,45,45,0,Fuerteventura,2,0
2020-05-31,45,45,0,Fuerteventura,0,0
2020-11-01,772,725,3,Fuerteventura,3,0
2020-11-02,774,726,3,Fuerteventura,1,0
2020-11-03,783,729,3,Fuerteventura,3,0
2020-11-04,791,729,3,Fuerteventura,2,0
2020-11-05,797,731,3,Fuerteventura,2,0
2020-11-06,803,735,3,Fuerteventura,2,0
2020-11-07,808,743,3,Fuerteventura,2,0
2020-11-08,808,746,3,Fuerteventura,3,0
2020-11-09,812,754,3,Fuerteventura,1,0
2020-11-10,821,757,3,Fuerteventura,2,0
2020-11-11,830,763,3,Fuerteventura,4,0
2020-11-12,835,766,3,Fuerteventura,4,1
2020-11-13,845,776,3,Fuerteventura,4,1
2020-11-14,850,782,3,Fuerteventura,4,1
2020-11-15,852,786,4,Fuerteventura,5,1
2020-11-16,853,788,4,Fuerteventura,4,1
2020-11-17,858,791,4,Fuerteventura,3,1
2020-11-18,860,791,4,Fuerteventura,3,1
2020-11-19,861,796,4,Fuerteventura,3,0
2020-11-20,866,805,4,Fuerteventura,3,0
2020-11-21,871,808,4,Fuerteventura,3,0
2020-11-22,873,810,4,Fuerteventura,2,0
2020-11-23,875,823,4,Fuerteventura,4,0
2020-11-24,884,825,4,Fuerteventura,3,1
2020-11-25,893,827,4,Fuerteventura,3,1
2020-11-26,897,835,4,Fuerteventura,3,1
2020-11-27,898,836,4,Fuerteventura,3,1
2020-11-28,900,840,4,Fuerteventura,5,1
2020-11-29,900,841,4,Fuerteventura,3,1
2020-11-30,904,844,4,Fuerteventura,2,0
2020-10-01,661,509,2,Fuerteventura,6,3
2020-10-02,669,516,2,Fuerteventura,8,3
2020-10-03,676,525,2,Fuerteventura,8,3
2020-10-04,679,529,2,Fuerteventura,10,2
2020-10-05,682,551,2,Fuerteventura,10,2
2020-10-06,688,565,2,Fuerteventura,5,2
2020-10-07,690,581,2,Fuerteventura,6,2
2020-10-08,697,602,2,Fuerteventura,7,2
2020-10-09,699,610,2,Fuerteventura,4,2
2020-10-10,706,623,2,Fuerteventura,3,2
2020-10-11,706,637,2,Fuerteventura,5,2
2020-10-12,706,645,2,Fuerteventura,4,2
2020-10-13,707,648,2,Fuerteventura,3,3
2020-10-14,712,665,2,Fuerteventura,5,3
2020-10-15,717,671,2,Fuerteventura,3,3
2020-10-16,721,678,2,Fuerteventura,3,3
2020-10-17,721,679,2,Fuerteventura,4,3
2020-10-18,724,681,2,Fuerteventura,3,3
2020-10-19,724,687,2,Fuerteventura,3,2
2020-10-20,734,688,3,Fuerteventura,4,1
2020-10-21,734,694,3,Fuerteventura,3,1
2020-10-22,736,694,3,Fuerteventura,4,1
2020-10-23,740,695,3,Fuerteventura,3,1
2020-10-24,741,702,3,Fuerteventura,4,1
2020-10-25,741,702,3,Fuerteventura,3,1
2020-10-26,742,708,3,Fuerteventura,3,1
2020-10-27,745,713,3,Fuerteventura,3,1
2020-10-28,752,714,3,Fuerteventura,2,0
2020-10-29,763,714,3,Fuerteventura,3,0
2020-10-30,767,722,3,Fuerteventura,3,0
2020-10-31,772,722,3,Fuerteventura,2,0
2020-09-01,307,194,0,Fuerteventura,3,0
2020-09-02,329,194,0,Fuerteventura,3,1
2020-09-03,338,198,0,Fuerteventura,2,0
2020-09-04,353,219,0,Fuerteventura,3,0
2020-09-05,369,228,0,Fuerteventura,6,1
2020-09-06,375,228,0,Fuerteventura,7,2
2020-09-07,380,240,0,Fuerteventura,8,2
2020-09-08,392,247,0,Fuerteventura,11,2
2020-09-09,403,274,0,Fuerteventura,10,3
2020-09-10,421,284,1,Fuerteventura,11,3
2020-09-11,426,308,1,Fuerteventura,11,2
2020-09-12,464,308,1,Fuerteventura,12,3
2020-09-13,468,309,1,Fuerteventura,11,2
2020-09-14,474,331,2,Fuerteventura,12,2
2020-09-15,480,347,2,Fuerteventura,8,3
2020-09-16,488,361,2,Fuerteventura,10,2
2020-09-17,499,373,2,Fuerteventura,9,2
2020-09-18,507,379,2,Fuerteventura,9,2
2020-09-19,510,390,2,Fuerteventura,9,2
2020-09-20,520,413,2,Fuerteventura,10,2
2020-09-21,526,431,2,Fuerteventura,8,2
2020-09-22,534,439,2,Fuerteventura,9,1
2020-09-23,544,440,2,Fuerteventura,8,1
2020-09-24,567,450,2,Fuerteventura,6,1
2020-09-25,577,462,2,Fuerteventura,10,2
2020-09-26,587,464,2,Fuerteventura,9,2
2020-09-27,604,470,2,Fuerteventura,9,2
2020-09-28,609,480,2,Fuerteventura,8,2
2020-09-29,624,485,2,Fuerteventura,8,2
2020-09-30,639,488,2,Fuerteventura,7,3
2020-04-01,408,65,19,Gran Canaria,109,37
2020-04-02,438,76,21,Gran Canaria,104,38
2020-04-03,447,89,23,Gran Canaria,98,39
2020-04-04,459,96,24,Gran Canaria,100,39
2020-04-05,470,110,25,Gran Canaria,105,37
2020-04-06,478,128,26,Gran Canaria,99,36
2020-04-07,482,137,26,Gran Canaria,98,38
2020-04-08,499,154,27,Gran Canaria,88,40
2020-04-09,505,164,27,Gran Canaria,83,34
2020-04-10,506,181,27,Gran Canaria,79,31
2020-04-11,514,181,27,Gran Canaria,80,32
2020-04-12,515,187,27,Gran Canaria,80,31
2020-04-13,517,201,27,Gran Canaria,71,32
2020-04-14,520,213,27,Gran Canaria,69,29
2020-04-15,524,224,31,Gran Canaria,64,26
2020-04-16,528,246,31,Gran Canaria,62,23
2020-04-17,529,266,31,Gran Canaria,59,21
2020-04-18,533,273,31,Gran Canaria,59,22
2020-04-19,534,277,32,Gran Canaria,60,22
2020-04-20,537,294,32,Gran Canaria,53,21
2020-04-21,542,306,33,Gran Canaria,50,20
2020-04-22,549,333,33,Gran Canaria,43,18
2020-04-23,553,345,33,Gran Canaria,43,17
2020-04-24,555,360,34,Gran Canaria,38,16
2020-04-25,556,369,34,Gran Canaria,36,15
2020-04-26,557,370,34,Gran Canaria,35,15
2020-04-27,561,377,34,Gran Canaria,32,14
2020-04-28,561,383,34,Gran Canaria,31,12
2020-04-29,563,395,34,Gran Canaria,32,12
2020-04-30,565,408,35,Gran Canaria,27,11
2020-08-01,690,609,39,Gran Canaria,3,0
2020-08-02,708,609,39,Gran Canaria,5,0
2020-08-03,716,609,39,Gran Canaria,5,0
2020-08-04,729,610,39,Gran Canaria,4,1
2020-08-05,749,611,39,Gran Canaria,5,1
2020-08-06,800,612,39,Gran Canaria,6,0
2020-08-07,824,613,39,Gran Canaria,5,0
2020-08-08,849,616,39,Gran Canaria,8,0
2020-08-09,883,616,39,Gran Canaria,10,0
2020-08-10,944,628,39,Gran Canaria,11,0
2020-08-11,996,644,39,Gran Canaria,14,0
2020-08-12,1070,648,39,Gran Canaria,23,1
2020-08-13,1145,659,39,Gran Canaria,21,1
2020-08-14,1239,681,40,Gran Canaria,27,3
2020-08-15,1345,705,40,Gran Canaria,32,3
2020-08-16,1395,718,41,Gran Canaria,35,4
2020-08-17,1468,752,41,Gran Canaria,46,5
2020-08-18,1571,802,41,Gran Canaria,56,7
2020-08-19,1714,828,41,Gran Canaria,64,9
2020-08-20,1858,906,43,Gran Canaria,66,8
2020-08-21,2084,991,43,Gran Canaria,70,9
2020-08-22,2228,1079,43,Gran Canaria,83,13
2020-08-23,2308,1152,43,Gran Canaria,92,16
2020-08-24,2473,1262,43,Gran Canaria,101,16
2020-08-25,2690,1358,44,Gran Canaria,111,20
2020-08-26,2950,1440,46,Gran Canaria,116,22
2020-08-27,3137,1539,46,Gran Canaria,129,24
2020-08-28,3302,1681,47,Gran Canaria,136,25
2020-08-29,3514,1762,48,Gran Canaria,152,27
2020-08-30,3712,1870,48,Gran Canaria,159,25
2020-08-31,3882,2015,48,Gran Canaria,156,28
2020-12-01,9474,8943,128,Gran Canaria,61,18
2020-12-02,9517,8964,128,Gran Canaria,63,17
2020-12-03,9546,8982,128,Gran Canaria,62,18
2020-12-04,9570,9008,128,Gran Canaria,61,17
2020-12-05,9596,9025,128,Gran Canaria,63,18
2020-12-06,9605,9037,128,Gran Canaria,67,17
2020-12-07,9630,9060,129,Gran Canaria,69,15
2020-12-08,9649,9075,129,Gran Canaria,71,16
2020-12-09,9677,9091,129,Gran Canaria,66,15
2020-12-10,9711,9105,130,Gran Canaria,64,16
2020-12-11,9750,9112,130,Gran Canaria,58,16
2020-12-12,9783,9116,130,Gran Canaria,62,16
2020-12-13,9816,9119,131,Gran Canaria,60,18
2020-12-14,9841,9131,131,Gran Canaria,66,18
2020-12-15,9897,9137,132,Gran Canaria,61,17
2020-12-16,9932,9148,133,Gran Canaria,65,16
2020-12-17,9981,9156,134,Gran Canaria,67,14
2020-12-18,10022,9163,134,Gran Canaria,64,14
2020-12-19,10056,9173,135,Gran Canaria,67,14
2020-12-20,10084,9181,135,Gran Canaria,69,14
2020-12-21,10112,9188,135,Gran Canaria,64,15
2020-12-22,10170,9194,135,Gran Canaria,65,11
2020-12-23,10223,9205,135,Gran Canaria,72,12
2020-12-24,10273,9217,135,Gran Canaria,70,13
2020-12-25,10315,9231,135,Gran Canaria,74,13
2020-12-26,10354,9244,136,Gran Canaria,79,15
2020-12-27,10388,9252,136,Gran Canaria,85,14
2020-12-28,10445,9262,136,Gran Canaria,80,13
2020-12-29,10524,9269,137,Gran Canaria,NA,NA
2020-12-30,10589,9277,137,Gran Canaria,NA,NA
2020-12-31,10682,9304,137,Gran Canaria,NA,NA
2020-02-25,0,0,0,Gran Canaria,NA,NA
2020-02-27,0,0,0,Gran Canaria,NA,NA
2020-02-28,0,0,0,Gran Canaria,NA,NA
2020-02-29,0,0,0,Gran Canaria,NA,NA
2021-01-01,10744,9314,137,Gran Canaria,NA,NA
2021-01-02,10797,9325,137,Gran Canaria,NA,NA
2021-01-03,10872,9329,137,Gran Canaria,NA,NA
2020-01-31,0,0,0,Gran Canaria,NA,NA
2020-07-01,630,586,39,Gran Canaria,3,2
2020-07-02,630,586,39,Gran Canaria,2,1
2020-07-03,631,587,39,Gran Canaria,1,1
2020-07-04,631,587,39,Gran Canaria,1,1
2020-07-06,632,587,39,Gran Canaria,1,1
2020-07-08,633,588,39,Gran Canaria,2,1
2020-07-09,635,589,39,Gran Canaria,2,1
2020-07-10,635,589,39,Gran Canaria,2,1
2020-07-11,635,589,39,Gran Canaria,2,1
2020-07-12,635,589,39,Gran Canaria,1,1
2020-07-13,638,589,39,Gran Canaria,1,0
2020-07-14,639,589,39,Gran Canaria,1,0
2020-07-15,643,592,39,Gran Canaria,1,0
2020-07-16,644,592,39,Gran Canaria,2,0
2020-07-17,650,592,39,Gran Canaria,2,0
2020-07-18,653,593,39,Gran Canaria,1,0
2020-07-19,653,593,39,Gran Canaria,2,0
2020-07-20,654,593,39,Gran Canaria,2,0
2020-07-21,662,595,39,Gran Canaria,2,0
2020-07-22,664,595,39,Gran Canaria,3,0
2020-07-23,665,597,39,Gran Canaria,5,0
2020-07-24,666,602,39,Gran Canaria,4,0
2020-07-25,667,603,39,Gran Canaria,4,0
2020-07-26,667,605,39,Gran Canaria,3,0
2020-07-27,668,608,39,Gran Canaria,3,0
2020-07-28,670,609,39,Gran Canaria,3,0
2020-07-29,670,609,39,Gran Canaria,4,0
2020-07-30,673,609,39,Gran Canaria,4,0
2020-07-31,676,609,39,Gran Canaria,3,0
2020-06-01,611,541,38,Gran Canaria,11,4
2020-06-02,612,544,38,Gran Canaria,7,3
2020-06-03,616,548,38,Gran Canaria,10,2
2020-06-04,616,550,38,Gran Canaria,9,2
2020-06-05,616,552,38,Gran Canaria,4,2
2020-06-06,616,552,38,Gran Canaria,4,1
2020-06-07,616,554,38,Gran Canaria,4,1
2020-06-08,616,557,38,Gran Canaria,5,1
2020-06-09,616,558,38,Gran Canaria,5,1
2020-06-10,617,559,39,Gran Canaria,2,1
2020-06-11,618,559,39,Gran Canaria,2,1
2020-06-12,618,560,39,Gran Canaria,2,1
2020-06-13,619,561,39,Gran Canaria,2,1
2020-06-14,620,561,39,Gran Canaria,2,1
2020-06-15,620,562,39,Gran Canaria,7,1
2020-06-16,622,567,39,Gran Canaria,7,2
2020-06-17,622,571,39,Gran Canaria,4,2
2020-06-18,625,571,39,Gran Canaria,4,2
2020-06-19,625,571,39,Gran Canaria,5,2
2020-06-20,626,571,39,Gran Canaria,6,2
2020-06-21,626,571,39,Gran Canaria,5,2
2020-06-22,626,573,39,Gran Canaria,5,2
2020-06-23,626,576,39,Gran Canaria,5,2
2020-06-24,626,576,39,Gran Canaria,5,2
2020-06-25,627,577,39,Gran Canaria,5,2
2020-06-26,628,579,39,Gran Canaria,8,3
2020-06-27,628,580,39,Gran Canaria,5,3
2020-06-28,628,581,39,Gran Canaria,4,3
2020-06-29,628,586,39,Gran Canaria,4,3
2020-06-30,629,586,39,Gran Canaria,4,3
2020-03-03,0,1,0,Gran Canaria,NA,NA
2020-03-04,0,1,0,Gran Canaria,NA,NA
2020-03-05,1,1,0,Gran Canaria,NA,NA
2020-03-06,3,1,0,Gran Canaria,NA,NA
2020-03-07,3,1,0,Gran Canaria,NA,NA
2020-03-08,3,1,0,Gran Canaria,NA,NA
2020-03-09,5,1,0,Gran Canaria,NA,NA
2020-03-10,6,1,0,Gran Canaria,NA,NA
2020-03-11,11,1,0,Gran Canaria,NA,NA
2020-03-12,15,1,0,Gran Canaria,NA,NA
2020-03-13,19,1,1,Gran Canaria,NA,NA
2020-03-14,23,1,1,Gran Canaria,NA,NA
2020-03-15,25,1,1,Gran Canaria,NA,NA
2020-03-16,42,1,2,Gran Canaria,NA,NA
2020-03-17,52,2,2,Gran Canaria,NA,NA
2020-03-18,71,2,2,Gran Canaria,NA,NA
2020-03-19,110,2,3,Gran Canaria,NA,NA
2020-03-20,134,2,4,Gran Canaria,NA,NA
2020-03-21,154,2,4,Gran Canaria,NA,NA
2020-03-22,170,3,8,Gran Canaria,NA,NA
2020-03-23,188,8,8,Gran Canaria,68,20
2020-03-24,223,11,8,Gran Canaria,86,22
2020-03-25,253,15,8,Gran Canaria,104,26
2020-03-26,285,21,9,Gran Canaria,110,28
2020-03-27,297,27,11,Gran Canaria,121,41
2020-03-28,320,31,11,Gran Canaria,123,34
2020-03-29,346,39,13,Gran Canaria,126,32
2020-03-30,371,44,15,Gran Canaria,125,33
2020-03-31,386,52,17,Gran Canaria,119,36
2020-05-01,567,419,35,Gran Canaria,29,11
2020-05-02,570,420,36,Gran Canaria,26,10
2020-05-03,570,425,36,Gran Canaria,25,9
2020-05-04,570,428,36,Gran Canaria,23,7
2020-05-05,572,431,36,Gran Canaria,23,7
2020-05-06,574,436,36,Gran Canaria,21,7
2020-05-07,576,445,36,Gran Canaria,14,7
2020-05-08,578,450,36,Gran Canaria,16,7
2020-05-09,578,453,36,Gran Canaria,16,7
2020-05-10,580,459,36,Gran Canaria,18,8
2020-05-11,581,462,37,Gran Canaria,16,7
2020-05-12,583,466,37,Gran Canaria,15,7
2020-05-13,585,477,37,Gran Canaria,16,5
2020-05-14,586,491,37,Gran Canaria,12,3
2020-05-15,590,493,37,Gran Canaria,10,3
2020-05-16,591,495,37,Gran Canaria,10,3
2020-05-17,591,499,38,Gran Canaria,10,3
2020-05-18,592,501,38,Gran Canaria,9,3
2020-05-19,594,512,38,Gran Canaria,10,4
2020-05-20,596,516,38,Gran Canaria,9,4
2020-05-21,596,518,38,Gran Canaria,9,4
2020-05-22,598,524,38,Gran Canaria,10,4
2020-05-23,598,529,38,Gran Canaria,10,4
2020-05-24,599,529,38,Gran Canaria,10,4
2020-05-25,603,531,38,Gran Canaria,10,4
2020-05-26,604,533,38,Gran Canaria,10,2
2020-05-27,604,536,38,Gran Canaria,10,2
2020-05-28,607,538,38,Gran Canaria,13,2
2020-05-29,609,540,38,Gran Canaria,12,3
2020-05-30,610,541,38,Gran Canaria,10,3
2020-05-31,610,541,38,Gran Canaria,12,3
2020-11-01,8701,8262,118,Gran Canaria,72,18
2020-11-02,8720,8299,118,Gran Canaria,70,17
2020-11-03,8749,8331,119,Gran Canaria,68,16
2020-11-04,8781,8351,119,Gran Canaria,68,19
2020-11-05,8821,8381,119,Gran Canaria,71,22
2020-11-06,8847,8412,120,Gran Canaria,61,21
2020-11-07,8894,8428,121,Gran Canaria,65,20
2020-11-08,8922,8447,121,Gran Canaria,67,18
2020-11-09,8940,8481,121,Gran Canaria,68,17
2020-11-10,8960,8512,121,Gran Canaria,74,17
2020-11-11,9004,8527,121,Gran Canaria,73,17
2020-11-12,9034,8557,121,Gran Canaria,76,20
2020-11-13,9059,8580,122,Gran Canaria,72,21
2020-11-14,9071,8597,122,Gran Canaria,65,20
2020-11-15,9091,8628,123,Gran Canaria,67,20
2020-11-16,9101,8651,123,Gran Canaria,66,19
2020-11-17,9130,8676,124,Gran Canaria,66,20
2020-11-18,9152,8707,125,Gran Canaria,64,17
2020-11-19,9175,8723,125,Gran Canaria,63,17
2020-11-20,9200,8753,125,Gran Canaria,58,16
2020-11-21,9219,8776,126,Gran Canaria,59,16
2020-11-22,9239,8792,126,Gran Canaria,61,16
2020-11-23,9268,8809,126,Gran Canaria,66,16
2020-11-24,9290,8820,126,Gran Canaria,68,16
2020-11-25,9317,8837,127,Gran Canaria,67,16
2020-11-26,9338,8850,127,Gran Canaria,70,18
2020-11-27,9369,8867,127,Gran Canaria,66,18
2020-11-28,9393,8881,128,Gran Canaria,67,18
2020-11-29,9412,8891,128,Gran Canaria,70,18
2020-11-30,9429,8926,128,Gran Canaria,66,18
2020-10-01,7605,6524,99,Gran Canaria,147,35
2020-10-02,7665,6642,100,Gran Canaria,140,34
2020-10-03,7746,6684,100,Gran Canaria,145,32
2020-10-04,7781,6744,100,Gran Canaria,161,32
2020-10-05,7817,6883,102,Gran Canaria,161,33
2020-10-06,7863,6955,103,Gran Canaria,148,36
2020-10-07,7909,7075,105,Gran Canaria,140,37
2020-10-08,7953,7148,105,Gran Canaria,140,36
2020-10-09,8000,7230,107,Gran Canaria,133,36
2020-10-10,8042,7276,107,Gran Canaria,135,35
2020-10-11,8082,7310,108,Gran Canaria,140,32
2020-10-12,8099,7358,108,Gran Canaria,141,30
2020-10-13,8123,7452,108,Gran Canaria,139,31
2020-10-14,8153,7497,108,Gran Canaria,135,28
2020-10-15,8187,7548,109,Gran Canaria,127,24
2020-10-16,8220,7600,110,Gran Canaria,122,21
2020-10-17,8259,7640,111,Gran Canaria,121,21
2020-10-18,8293,7670,111,Gran Canaria,121,20
2020-10-19,8359,7724,111,Gran Canaria,118,21
2020-10-20,8411,7763,112,Gran Canaria,116,19
2020-10-21,8434,7819,112,Gran Canaria,113,18
2020-10-22,8463,7859,113,Gran Canaria,104,18
2020-10-23,8488,7900,113,Gran Canaria,102,16
2020-10-24,8519,7929,113,Gran Canaria,100,16
2020-10-25,8535,7951,113,Gran Canaria,103,16
2020-10-26,8555,7987,113,Gran Canaria,94,17
2020-10-27,8580,8017,115,Gran Canaria,84,17
2020-10-28,8596,8064,115,Gran Canaria,78,17
2020-10-29,8631,8131,115,Gran Canaria,72,18
2020-10-30,8655,8208,115,Gran Canaria,71,16
2020-10-31,8682,8235,117,Gran Canaria,69,16
2020-09-01,4064,2152,50,Gran Canaria,149,32
2020-09-02,4267,2264,53,Gran Canaria,154,32
2020-09-03,4536,2443,53,Gran Canaria,165,37
2020-09-04,4826,2613,53,Gran Canaria,163,36
2020-09-05,5017,2708,56,Gran Canaria,169,35
2020-09-06,5124,2809,57,Gran Canaria,177,31
2020-09-07,5272,3027,58,Gran Canaria,173,38
2020-09-08,5416,3139,61,Gran Canaria,178,40
2020-09-09,5576,3328,63,Gran Canaria,181,41
2020-09-10,5741,3535,63,Gran Canaria,178,42
2020-09-11,5896,3747,67,Gran Canaria,177,43
2020-09-12,6054,3869,67,Gran Canaria,176,42
2020-09-13,6184,3972,68,Gran Canaria,182,40
2020-09-14,6252,4229,73,Gran Canaria,179,38
2020-09-15,6375,4415,74,Gran Canaria,177,37
2020-09-16,6453,4600,74,Gran Canaria,177,39
2020-09-17,6546,4769,76,Gran Canaria,171,40
2020-09-18,6657,4987,78,Gran Canaria,169,38
2020-09-19,6748,5138,81,Gran Canaria,172,37
2020-09-20,6796,5260,82,Gran Canaria,176,39
2020-09-21,6916,5485,84,Gran Canaria,175,37
2020-09-22,6984,5650,86,Gran Canaria,169,39
2020-09-23,7050,5777,86,Gran Canaria,166,39
2020-09-24,7195,5882,91,Gran Canaria,169,38
2020-09-25,7238,6000,94,Gran Canaria,166,38
2020-09-26,7337,6052,95,Gran Canaria,164,37
2020-09-27,7409,6091,97,Gran Canaria,165,38
2020-09-28,7442,6254,97,Gran Canaria,163,39
2020-09-29,7503,6326,97,Gran Canaria,158,38
2020-09-30,7561,6424,97,Gran Canaria,153,38
2020-04-01,7,3,0,La Gomera,2,0
2020-04-02,7,3,0,La Gomera,3,0
2020-04-03,7,4,0,La Gomera,1,0
2020-04-04,7,4,0,La Gomera,2,0
2020-04-05,7,4,0,La Gomera,0,0
2020-04-06,7,4,0,La Gomera,3,0
2020-04-07,7,4,0,La Gomera,2,0
2020-04-08,7,6,0,La Gomera,4,0
2020-04-09,7,6,0,La Gomera,2,0
2020-04-10,7,6,0,La Gomera,0,0
2020-04-11,7,6,0,La Gomera,0,0
2020-04-12,7,6,0,La Gomera,1,0
2020-04-13,7,6,0,La Gomera,2,0
2020-04-14,7,6,0,La Gomera,1,0
2020-04-15,7,6,0,La Gomera,3,0
2020-04-16,7,6,0,La Gomera,1,0
2020-04-17,7,7,0,La Gomera,1,0
2020-04-18,7,7,0,La Gomera,1,0
2020-04-19,7,7,0,La Gomera,1,0
2020-04-20,7,7,0,La Gomera,1,0
2020-04-21,7,7,0,La Gomera,0,0
2020-04-22,7,7,0,La Gomera,0,0
2020-04-23,7,8,0,La Gomera,0,0
2020-04-24,7,8,0,La Gomera,1,0
2020-04-25,7,8,0,La Gomera,1,0
2020-04-26,7,8,0,La Gomera,1,0
2020-04-27,8,8,0,La Gomera,3,0
2020-04-28,8,8,0,La Gomera,2,0
2020-04-29,8,8,0,La Gomera,0,0
2020-04-30,8,8,0,La Gomera,0,0
2020-08-01,11,10,0,La Gomera,0,0
2020-08-02,11,10,0,La Gomera,0,0
2020-08-03,11,10,0,La Gomera,0,0
2020-08-04,11,10,0,La Gomera,0,0
2020-08-05,11,10,0,La Gomera,0,0
2020-08-06,11,10,0,La Gomera,0,0
2020-08-07,11,10,0,La Gomera,0,0
2020-08-08,11,11,0,La Gomera,0,0
2020-08-09,11,11,0,La Gomera,0,0
2020-08-10,11,11,0,La Gomera,0,0
2020-08-11,11,11,0,La Gomera,0,0
2020-08-12,11,11,0,La Gomera,0,0
2020-08-13,11,11,0,La Gomera,0,0
2020-08-14,11,11,0,La Gomera,0,0
2020-08-15,11,11,0,La Gomera,0,0
2020-08-16,11,11,0,La Gomera,0,0
2020-08-17,11,11,0,La Gomera,0,0
2020-08-18,11,11,0,La Gomera,0,0
2020-08-19,11,11,0,La Gomera,0,0
2020-08-20,11,11,0,La Gomera,0,0
2020-08-21,11,11,0,La Gomera,0,0
2020-08-22,16,11,0,La Gomera,2,0
2020-08-23,16,11,0,La Gomera,2,0
2020-08-24,16,11,0,La Gomera,2,0
2020-08-25,16,11,0,La Gomera,2,0
2020-08-26,16,11,0,La Gomera,2,0
2020-08-27,17,11,0,La Gomera,2,0
2020-08-28,17,11,0,La Gomera,2,0
2020-08-29,17,11,0,La Gomera,2,0
2020-08-30,17,11,0,La Gomera,2,0
2020-08-31,19,11,0,La Gomera,2,0
2020-12-01,115,98,0,La Gomera,0,0
2020-12-02,116,101,0,La Gomera,0,0
2020-12-03,116,101,0,La Gomera,0,0
2020-12-04,116,101,0,La Gomera,0,0
2020-12-05,119,106,0,La Gomera,0,0
2020-12-06,119,106,0,La Gomera,0,0
2020-12-07,119,109,0,La Gomera,0,0
2020-12-08,119,109,0,La Gomera,0,0
2020-12-09,119,109,0,La Gomera,0,0
2020-12-10,122,111,0,La Gomera,1,0
2020-12-11,130,113,0,La Gomera,0,0
2020-12-12,132,113,0,La Gomera,0,0
2020-12-13,139,113,0,La Gomera,0,0
2020-12-14,144,118,0,La Gomera,0,0
2020-12-15,148,118,0,La Gomera,0,0
2020-12-16,153,119,0,La Gomera,0,0
2020-12-17,160,119,0,La Gomera,0,0
2020-12-18,165,119,0,La Gomera,0,0
2020-12-19,167,119,0,La Gomera,0,0
2020-12-20,171,119,0,La Gomera,0,0
2020-12-21,177,122,0,La Gomera,0,0
2020-12-22,181,131,0,La Gomera,0,0
2020-12-23,181,135,0,La Gomera,0,0
2020-12-24,184,138,0,La Gomera,0,0
2020-12-25,184,138,0,La Gomera,0,0
2020-12-26,185,138,0,La Gomera,1,0
2020-12-27,186,140,0,La Gomera,2,0
2020-12-28,186,149,0,La Gomera,2,0
2020-12-29,190,157,0,La Gomera,NA,NA
2020-12-30,193,163,0,La Gomera,NA,NA
2020-12-31,194,173,0,La Gomera,NA,NA
2020-02-25,1,0,0,La Gomera,NA,NA
2020-02-27,2,0,0,La Gomera,NA,NA
2020-02-28,2,0,0,La Gomera,NA,NA
2020-02-29,2,0,0,La Gomera,NA,NA
2021-01-01,194,173,0,La Gomera,NA,NA
2021-01-02,195,175,0,La Gomera,NA,NA
2021-01-03,195,175,0,La Gomera,NA,NA
2020-01-31,1,0,0,La Gomera,NA,NA
2020-07-01,8,8,0,La Gomera,0,0
2020-07-02,8,8,0,La Gomera,0,0
2020-07-03,8,8,0,La Gomera,0,0
2020-07-04,8,8,0,La Gomera,0,0
2020-07-06,8,8,0,La Gomera,0,0
2020-07-08,8,8,0,La Gomera,0,0
2020-07-09,10,8,0,La Gomera,0,0
2020-07-10,10,8,0,La Gomera,0,0
2020-07-11,10,8,0,La Gomera,0,0
2020-07-12,10,8,0,La Gomera,0,0
2020-07-13,10,8,0,La Gomera,0,0
2020-07-14,10,8,0,La Gomera,0,0
2020-07-15,10,8,0,La Gomera,0,0
2020-07-16,10,8,0,La Gomera,0,0
2020-07-17,10,8,0,La Gomera,0,0
2020-07-18,10,8,0,La Gomera,0,0
2020-07-19,10,8,0,La Gomera,0,0
2020-07-20,10,8,0,La Gomera,0,0
2020-07-21,10,9,0,La Gomera,0,0
2020-07-22,11,9,0,La Gomera,0,0
2020-07-23,11,10,0,La Gomera,0,0
2020-07-24,11,10,0,La Gomera,0,0
2020-07-25,11,10,0,La Gomera,0,0
2020-07-26,11,10,0,La Gomera,0,0
2020-07-27,11,10,0,La Gomera,0,0
2020-07-28,11,10,0,La Gomera,0,0
2020-07-29,11,10,0,La Gomera,0,0
2020-07-30,11,10,0,La Gomera,0,0
2020-07-31,11,10,0,La Gomera,0,0
2020-06-01,8,8,0,La Gomera,0,0
2020-06-02,8,8,0,La Gomera,0,0
2020-06-03,8,8,0,La Gomera,0,0
2020-06-04,8,8,0,La Gomera,0,0
2020-06-05,8,8,0,La Gomera,0,0
2020-06-06,8,8,0,La Gomera,0,0
2020-06-07,8,8,0,La Gomera,0,0
2020-06-08,8,8,0,La Gomera,0,0
2020-06-09,8,8,0,La Gomera,0,0
2020-06-10,8,8,0,La Gomera,0,0
2020-06-11,8,8,0,La Gomera,0,0
2020-06-12,8,8,0,La Gomera,0,0
2020-06-13,8,8,0,La Gomera,0,0
2020-06-14,8,8,0,La Gomera,0,0
2020-06-15,8,8,0,La Gomera,0,0
2020-06-16,8,8,0,La Gomera,0,0
2020-06-17,8,8,0,La Gomera,0,0
2020-06-18,8,8,0,La Gomera,0,0
2020-06-19,8,8,0,La Gomera,0,0
2020-06-20,8,8,0,La Gomera,0,0
2020-06-21,8,8,0,La Gomera,0,0
2020-06-22,8,8,0,La Gomera,0,0
2020-06-23,8,8,0,La Gomera,0,0
2020-06-24,8,8,0,La Gomera,0,0
2020-06-25,8,8,0,La Gomera,0,0
2020-06-26,8,8,0,La Gomera,0,0
2020-06-27,8,8,0,La Gomera,0,0
2020-06-28,8,8,0,La Gomera,0,0
2020-06-29,8,8,0,La Gomera,0,0
2020-06-30,8,8,0,La Gomera,0,0
2020-03-03,2,0,0,La Gomera,NA,NA
2020-03-04,2,1,0,La Gomera,NA,NA
2020-03-05,2,1,0,La Gomera,NA,NA
2020-03-06,2,1,0,La Gomera,NA,NA
2020-03-07,2,1,0,La Gomera,NA,NA
2020-03-08,2,1,0,La Gomera,NA,NA
2020-03-09,2,1,0,La Gomera,NA,NA
2020-03-10,2,1,0,La Gomera,NA,NA
2020-03-11,2,1,0,La Gomera,NA,NA
2020-03-12,2,1,0,La Gomera,NA,NA
2020-03-13,2,1,0,La Gomera,NA,NA
2020-03-14,2,2,0,La Gomera,NA,NA
2020-03-15,2,2,0,La Gomera,NA,NA
2020-03-16,2,2,0,La Gomera,NA,NA
2020-03-17,2,2,0,La Gomera,NA,NA
2020-03-18,2,2,0,La Gomera,NA,NA
2020-03-19,2,2,0,La Gomera,NA,NA
2020-03-20,2,2,0,La Gomera,NA,NA
2020-03-21,2,2,0,La Gomera,NA,NA
2020-03-22,2,2,0,La Gomera,NA,NA
2020-03-23,2,2,0,La Gomera,3,0
2020-03-24,3,2,0,La Gomera,1,0
2020-03-25,3,2,0,La Gomera,0,0
2020-03-26,5,3,0,La Gomera,0,0
2020-03-27,6,3,0,La Gomera,0,0
2020-03-28,7,3,0,La Gomera,0,0
2020-03-29,7,3,0,La Gomera,2,0
2020-03-30,7,3,0,La Gomera,1,0
2020-03-31,7,3,0,La Gomera,1,0
2020-05-01,8,8,0,La Gomera,0,0
2020-05-02,8,8,0,La Gomera,0,0
2020-05-03,8,8,0,La Gomera,0,0
2020-05-04,8,8,0,La Gomera,0,0
2020-05-05,8,8,0,La Gomera,0,0
2020-05-06,8,8,0,La Gomera,0,0
2020-05-07,8,8,0,La Gomera,0,0
2020-05-08,8,8,0,La Gomera,0,0
2020-05-09,8,8,0,La Gomera,0,0
2020-05-10,8,8,0,La Gomera,0,0
2020-05-11,8,8,0,La Gomera,0,0
2020-05-12,8,8,0,La Gomera,0,0
2020-05-13,8,8,0,La Gomera,0,0
2020-05-14,8,8,0,La Gomera,0,0
2020-05-15,8,8,0,La Gomera,0,0
2020-05-16,8,8,0,La Gomera,0,0
2020-05-17,8,8,0,La Gomera,0,0
2020-05-18,8,8,0,La Gomera,0,0
2020-05-19,8,8,0,La Gomera,0,0
2020-05-20,8,8,0,La Gomera,0,0
2020-05-21,8,8,0,La Gomera,0,0
2020-05-22,8,8,0,La Gomera,0,0
2020-05-23,8,8,0,La Gomera,0,0
2020-05-24,8,8,0,La Gomera,0,0
2020-05-25,8,8,0,La Gomera,0,0
2020-05-26,8,8,0,La Gomera,0,0
2020-05-27,8,8,0,La Gomera,0,0
2020-05-28,8,8,0,La Gomera,0,0
2020-05-29,8,8,0,La Gomera,0,0
2020-05-30,8,8,0,La Gomera,0,0
2020-05-31,8,8,0,La Gomera,0,0
2020-11-01,93,82,0,La Gomera,0,0
2020-11-02,93,85,0,La Gomera,0,0
2020-11-03,93,87,0,La Gomera,0,0
2020-11-04,93,87,0,La Gomera,0,0
2020-11-05,93,87,0,La Gomera,1,0
2020-11-06,93,87,0,La Gomera,0,0
2020-11-07,93,87,0,La Gomera,0,0
2020-11-08,93,88,0,La Gomera,0,0
2020-11-09,94,89,0,La Gomera,0,0
2020-11-10,99,91,0,La Gomera,0,0
2020-11-11,99,91,0,La Gomera,0,0
2020-11-12,99,92,0,La Gomera,0,0
2020-11-13,99,92,0,La Gomera,0,0
2020-11-14,99,92,0,La Gomera,0,0
2020-11-15,99,92,0,La Gomera,0,0
2020-11-16,100,93,0,La Gomera,0,0
2020-11-17,100,93,0,La Gomera,0,0
2020-11-18,101,93,0,La Gomera,1,0
2020-11-19,101,93,0,La Gomera,1,0
2020-11-20,101,95,0,La Gomera,1,0
2020-11-21,101,95,0,La Gomera,1,0
2020-11-22,101,95,0,La Gomera,1,0
2020-11-23,103,95,0,La Gomera,1,0
2020-11-24,107,98,0,La Gomera,1,0
2020-11-25,109,98,0,La Gomera,0,0
2020-11-26,112,98,0,La Gomera,0,0
2020-11-27,114,98,0,La Gomera,0,0
2020-11-28,114,98,0,La Gomera,0,0
2020-11-29,114,98,0,La Gomera,0,0
2020-11-30,114,98,0,La Gomera,0,0
2020-10-01,73,26,0,La Gomera,1,0
2020-10-02,74,29,0,La Gomera,1,0
2020-10-03,74,29,0,La Gomera,1,0
2020-10-04,74,30,0,La Gomera,1,0
2020-10-05,74,31,0,La Gomera,1,0
2020-10-06,74,33,0,La Gomera,1,0
2020-10-07,78,33,0,La Gomera,1,0
2020-10-08,78,34,0,La Gomera,1,0
2020-10-09,78,39,0,La Gomera,0,0
2020-10-10,78,52,0,La Gomera,0,0
2020-10-11,78,55,0,La Gomera,0,0
2020-10-12,79,55,0,La Gomera,1,0
2020-10-13,79,61,0,La Gomera,1,0
2020-10-14,79,64,0,La Gomera,1,0
2020-10-15,79,68,0,La Gomera,1,0
2020-10-16,79,71,0,La Gomera,0,0
2020-10-17,83,72,0,La Gomera,0,0
2020-10-18,83,72,0,La Gomera,0,0
2020-10-19,83,73,0,La Gomera,0,0
2020-10-20,83,74,0,La Gomera,0,0
2020-10-21,85,74,0,La Gomera,0,0
2020-10-22,88,74,0,La Gomera,0,0
2020-10-23,88,76,0,La Gomera,0,0
2020-10-24,88,76,0,La Gomera,0,0
2020-10-25,88,76,0,La Gomera,0,0
2020-10-26,88,77,0,La Gomera,0,0
2020-10-27,88,78,0,La Gomera,0,0
2020-10-28,90,80,0,La Gomera,0,0
2020-10-29,91,82,0,La Gomera,0,0
2020-10-30,92,82,0,La Gomera,0,0
2020-10-31,93,82,0,La Gomera,0,0
2020-09-01,19,11,0,La Gomera,2,0
2020-09-02,20,11,0,La Gomera,2,0
2020-09-03,20,11,0,La Gomera,2,0
2020-09-04,21,11,0,La Gomera,2,0
2020-09-05,21,11,0,La Gomera,2,0
2020-09-06,21,11,0,La Gomera,2,0
2020-09-07,22,11,0,La Gomera,2,0
2020-09-08,23,11,0,La Gomera,2,0
2020-09-09,23,11,0,La Gomera,2,0
2020-09-10,23,11,0,La Gomera,2,0
2020-09-11,23,11,0,La Gomera,2,0
2020-09-12,23,11,0,La Gomera,2,0
2020-09-13,23,11,0,La Gomera,2,0
2020-09-14,24,11,0,La Gomera,2,0
2020-09-15,24,12,0,La Gomera,2,0
2020-09-16,24,12,0,La Gomera,1,0
2020-09-17,24,12,0,La Gomera,1,0
2020-09-18,30,19,0,La Gomera,0,0
2020-09-19,31,19,0,La Gomera,0,0
2020-09-20,32,19,0,La Gomera,0,0
2020-09-21,35,19,0,La Gomera,0,0
2020-09-22,35,19,0,La Gomera,0,0
2020-09-23,36,19,0,La Gomera,0,0
2020-09-24,39,19,0,La Gomera,0,0
2020-09-25,39,22,0,La Gomera,0,0
2020-09-26,44,24,0,La Gomera,0,0
2020-09-27,47,24,0,La Gomera,0,0
2020-09-28,54,24,0,La Gomera,0,0
2020-09-29,64,26,0,La Gomera,0,0
2020-09-30,73,26,0,La Gomera,1,0
2020-04-01,66,5,3,Lanzarote,27,9
2020-04-02,67,7,3,Lanzarote,20,9
2020-04-03,68,8,3,Lanzarote,20,9
2020-04-04,69,8,3,Lanzarote,19,9
2020-04-05,69,9,3,Lanzarote,21,9
2020-04-06,69,9,3,Lanzarote,20,9
2020-04-07,70,11,3,Lanzarote,21,9
2020-04-08,70,19,3,Lanzarote,18,9
2020-04-09,73,20,3,Lanzarote,23,9
2020-04-10,73,20,3,Lanzarote,21,9
2020-04-11,75,20,3,Lanzarote,21,9
2020-04-12,75,21,3,Lanzarote,20,9
2020-04-13,75,22,3,Lanzarote,18,7
2020-04-14,75,22,3,Lanzarote,17,7
2020-04-15,75,23,3,Lanzarote,18,7
2020-04-16,75,26,3,Lanzarote,16,7
2020-04-17,75,29,3,Lanzarote,17,7
2020-04-18,75,30,3,Lanzarote,16,7
2020-04-19,75,30,3,Lanzarote,16,7
2020-04-20,76,32,3,Lanzarote,15,7
2020-04-21,76,36,3,Lanzarote,15,7
2020-04-22,76,37,4,Lanzarote,15,5
2020-04-23,76,39,4,Lanzarote,9,5
2020-04-24,78,41,5,Lanzarote,7,4
2020-04-25,78,42,5,Lanzarote,7,4
2020-04-26,78,42,5,Lanzarote,7,4
2020-04-27,79,42,5,Lanzarote,8,4
2020-04-28,79,45,5,Lanzarote,6,4
2020-04-29,79,49,5,Lanzarote,5,4
2020-04-30,79,54,5,Lanzarote,5,4
2020-08-01,102,85,6,Lanzarote,1,1
2020-08-02,102,85,6,Lanzarote,1,1
2020-08-03,102,85,6,Lanzarote,0,0
2020-08-04,103,85,6,Lanzarote,0,0
2020-08-05,105,86,6,Lanzarote,0,0
2020-08-06,105,87,6,Lanzarote,0,0
2020-08-07,116,87,6,Lanzarote,0,0
2020-08-08,118,87,6,Lanzarote,0,0
2020-08-09,125,87,6,Lanzarote,0,0
2020-08-10,129,87,6,Lanzarote,2,0
2020-08-11,133,90,6,Lanzarote,0,0
2020-08-12,137,90,6,Lanzarote,0,0
2020-08-13,155,90,6,Lanzarote,0,0
2020-08-14,169,92,6,Lanzarote,0,0
2020-08-15,190,93,6,Lanzarote,1,0
2020-08-16,196,93,6,Lanzarote,1,0
2020-08-17,205,93,6,Lanzarote,4,1
2020-08-18,214,93,6,Lanzarote,4,1
2020-08-19,226,96,6,Lanzarote,5,1
2020-08-20,241,98,6,Lanzarote,7,1
2020-08-21,282,100,6,Lanzarote,7,1
2020-08-22,308,102,6,Lanzarote,8,1
2020-08-23,322,102,6,Lanzarote,9,1
2020-08-24,338,131,6,Lanzarote,11,1
2020-08-25,369,132,6,Lanzarote,11,1
2020-08-26,397,135,6,Lanzarote,13,1
2020-08-27,469,140,7,Lanzarote,10,1
2020-08-28,505,173,7,Lanzarote,10,1
2020-08-29,547,173,7,Lanzarote,12,1
2020-08-30,567,173,7,Lanzarote,13,1
2020-08-31,589,183,7,Lanzarote,14,1
2020-12-01,1408,1349,9,Lanzarote,3,0
2020-12-02,1421,1349,9,Lanzarote,3,0
2020-12-03,1430,1351,9,Lanzarote,10,0
2020-12-04,1434,1355,9,Lanzarote,7,0
2020-12-05,1444,1358,9,Lanzarote,8,0
2020-12-06,1445,1362,9,Lanzarote,8,0
2020-12-07,1455,1368,9,Lanzarote,7,0
2020-12-08,1456,1373,9,Lanzarote,8,0
2020-12-09,1459,1378,9,Lanzarote,4,0
2020-12-10,1463,1380,9,Lanzarote,4,0
2020-12-11,1468,1386,9,Lanzarote,4,0
2020-12-12,1473,1402,9,Lanzarote,1,0
2020-12-13,1474,1408,9,Lanzarote,1,0
2020-12-14,1476,1413,9,Lanzarote,1,0
2020-12-15,1477,1418,9,Lanzarote,0,0
2020-12-16,1479,1427,9,Lanzarote,0,0
2020-12-17,1480,1431,9,Lanzarote,2,0
2020-12-18,1483,1431,9,Lanzarote,0,0
2020-12-19,1486,1434,9,Lanzarote,0,0
2020-12-20,1494,1436,9,Lanzarote,1,0
2020-12-21,1499,1444,9,Lanzarote,1,0
2020-12-22,1509,1448,9,Lanzarote,1,0
2020-12-23,1515,1449,9,Lanzarote,1,0
2020-12-24,1526,1450,9,Lanzarote,1,0
2020-12-25,1535,1452,9,Lanzarote,1,0
2020-12-26,1539,1453,9,Lanzarote,1,0
2020-12-27,1546,1454,9,Lanzarote,2,0
2020-12-28,1557,1455,9,Lanzarote,2,0
2020-12-29,1574,1461,9,Lanzarote,NA,NA
2020-12-30,1584,1469,9,Lanzarote,NA,NA
2020-12-31,1599,1473,9,Lanzarote,NA,NA
2020-02-25,0,0,0,Lanzarote,NA,NA
2020-02-27,0,0,0,Lanzarote,NA,NA
2020-02-28,0,0,0,Lanzarote,NA,NA
2020-02-29,0,0,0,Lanzarote,NA,NA
2021-01-01,1613,1478,9,Lanzarote,NA,NA
2021-01-02,1644,1489,9,Lanzarote,NA,NA
2021-01-03,1663,1495,9,Lanzarote,NA,NA
2020-01-31,0,0,0,Lanzarote,NA,NA
2020-07-01,82,76,6,Lanzarote,0,0
2020-07-02,82,76,6,Lanzarote,0,0
2020-07-03,82,76,6,Lanzarote,0,0
2020-07-04,82,76,6,Lanzarote,0,0
2020-07-06,82,76,6,Lanzarote,0,0
2020-07-08,87,76,6,Lanzarote,0,0
2020-07-09,87,76,6,Lanzarote,0,0
2020-07-10,88,76,6,Lanzarote,0,0
2020-07-11,88,76,6,Lanzarote,0,0
2020-07-12,88,76,6,Lanzarote,0,0
2020-07-13,88,76,6,Lanzarote,0,0
2020-07-14,88,76,6,Lanzarote,0,0
2020-07-15,88,76,6,Lanzarote,0,0
2020-07-16,88,76,6,Lanzarote,0,0
2020-07-17,89,76,6,Lanzarote,0,0
2020-07-18,93,76,6,Lanzarote,0,0
2020-07-19,93,76,6,Lanzarote,1,0
2020-07-20,93,76,6,Lanzarote,1,0
2020-07-21,93,76,6,Lanzarote,0,0
2020-07-22,93,76,6,Lanzarote,0,0
2020-07-23,93,76,6,Lanzarote,0,0
2020-07-24,93,76,6,Lanzarote,0,0
2020-07-25,93,76,6,Lanzarote,0,0
2020-07-26,93,76,6,Lanzarote,0,0
2020-07-27,95,77,6,Lanzarote,0,0
2020-07-28,95,79,6,Lanzarote,0,0
2020-07-29,96,79,6,Lanzarote,1,1
2020-07-30,99,85,6,Lanzarote,1,1
2020-07-31,99,85,6,Lanzarote,1,1
2020-06-01,80,71,6,Lanzarote,2,0
2020-06-02,80,71,6,Lanzarote,2,0
2020-06-03,80,71,6,Lanzarote,2,0
2020-06-04,80,71,6,Lanzarote,2,0
2020-06-05,80,71,6,Lanzarote,2,0
2020-06-06,81,71,6,Lanzarote,2,0
2020-06-07,81,71,6,Lanzarote,2,0
2020-06-08,81,71,6,Lanzarote,2,0
2020-06-09,81,71,6,Lanzarote,2,0
2020-06-10,81,71,6,Lanzarote,2,0
2020-06-11,81,71,6,Lanzarote,2,0
2020-06-12,82,71,6,Lanzarote,2,0
2020-06-13,82,71,6,Lanzarote,2,0
2020-06-14,82,71,6,Lanzarote,2,0
2020-06-15,82,71,6,Lanzarote,2,0
2020-06-16,82,71,6,Lanzarote,2,0
2020-06-17,82,71,6,Lanzarote,2,0
2020-06-18,82,72,6,Lanzarote,1,0
2020-06-19,82,74,6,Lanzarote,1,0
2020-06-20,82,74,6,Lanzarote,1,0
2020-06-21,82,74,6,Lanzarote,1,0
2020-06-22,82,74,6,Lanzarote,1,0
2020-06-23,82,74,6,Lanzarote,0,0
2020-06-24,82,74,6,Lanzarote,9,2
2020-06-25,82,75,6,Lanzarote,0,0
2020-06-26,82,75,6,Lanzarote,0,0
2020-06-27,82,76,6,Lanzarote,0,0
2020-06-28,82,76,6,Lanzarote,0,0
2020-06-29,82,76,6,Lanzarote,0,0
2020-06-30,82,76,6,Lanzarote,0,0
2020-03-03,0,0,0,Lanzarote,NA,NA
2020-03-04,0,0,0,Lanzarote,NA,NA
2020-03-05,0,0,0,Lanzarote,NA,NA
2020-03-06,0,0,0,Lanzarote,NA,NA
2020-03-07,0,0,0,Lanzarote,NA,NA
2020-03-08,0,0,0,Lanzarote,NA,NA
2020-03-09,0,0,0,Lanzarote,NA,NA
2020-03-10,0,0,0,Lanzarote,NA,NA
2020-03-11,0,0,0,Lanzarote,NA,NA
2020-03-12,0,0,0,Lanzarote,NA,NA
2020-03-13,3,0,0,Lanzarote,NA,NA
2020-03-14,3,0,0,Lanzarote,NA,NA
2020-03-15,3,0,0,Lanzarote,NA,NA
2020-03-16,5,0,0,Lanzarote,NA,NA
2020-03-17,5,0,0,Lanzarote,NA,NA
2020-03-18,6,0,0,Lanzarote,NA,NA
2020-03-19,9,0,0,Lanzarote,NA,NA
2020-03-20,10,0,0,Lanzarote,NA,NA
2020-03-21,12,0,0,Lanzarote,NA,NA
2020-03-22,17,0,0,Lanzarote,NA,NA
2020-03-23,21,0,0,Lanzarote,9,2
2020-03-24,33,0,1,Lanzarote,16,3
2020-03-25,35,2,1,Lanzarote,16,4
2020-03-26,38,2,2,Lanzarote,17,4
2020-03-27,45,3,3,Lanzarote,30,10
2020-03-28,47,3,3,Lanzarote,25,4
2020-03-29,52,3,3,Lanzarote,26,6
2020-03-30,58,4,3,Lanzarote,27,8
2020-03-31,64,4,3,Lanzarote,24,8
2020-05-01,79,55,5,Lanzarote,6,4
2020-05-02,79,55,5,Lanzarote,8,4
2020-05-03,79,55,5,Lanzarote,5,3
2020-05-04,79,55,5,Lanzarote,5,2
2020-05-05,79,56,5,Lanzarote,5,2
2020-05-06,79,60,5,Lanzarote,6,2
2020-05-07,79,61,5,Lanzarote,5,2
2020-05-08,80,65,6,Lanzarote,5,2
2020-05-09,80,65,6,Lanzarote,5,2
2020-05-10,80,65,6,Lanzarote,5,2
2020-05-11,80,65,6,Lanzarote,5,2
2020-05-12,80,65,6,Lanzarote,5,2
2020-05-13,80,68,6,Lanzarote,4,2
2020-05-14,80,69,6,Lanzarote,3,2
2020-05-15,80,69,6,Lanzarote,3,2
2020-05-16,80,69,6,Lanzarote,3,2
2020-05-17,80,69,6,Lanzarote,3,2
2020-05-18,80,69,6,Lanzarote,3,2
2020-05-19,80,69,6,Lanzarote,3,2
2020-05-20,80,69,6,Lanzarote,3,2
2020-05-21,80,70,6,Lanzarote,2,1
2020-05-22,80,70,6,Lanzarote,2,1
2020-05-23,80,70,6,Lanzarote,2,1
2020-05-24,80,70,6,Lanzarote,2,1
2020-05-25,80,71,6,Lanzarote,2,1
2020-05-26,80,71,6,Lanzarote,2,1
2020-05-27,80,71,6,Lanzarote,2,0
2020-05-28,80,71,6,Lanzarote,2,0
2020-05-29,80,71,6,Lanzarote,2,0
2020-05-30,80,71,6,Lanzarote,2,0
2020-05-31,80,71,6,Lanzarote,2,0
2020-11-01,1274,1187,9,Lanzarote,1,1
2020-11-02,1278,1197,9,Lanzarote,1,1
2020-11-03,1283,1206,9,Lanzarote,0,0
2020-11-04,1285,1209,9,Lanzarote,0,0
2020-11-05,1300,1211,9,Lanzarote,0,0
2020-11-06,1302,1221,9,Lanzarote,0,0
2020-11-07,1309,1228,9,Lanzarote,6,0
2020-11-08,1311,1230,9,Lanzarote,1,0
2020-11-09,1311,1234,9,Lanzarote,1,0
2020-11-10,1321,1246,9,Lanzarote,1,0
2020-11-11,1324,1249,9,Lanzarote,0,0
2020-11-12,1329,1258,9,Lanzarote,0,0
2020-11-13,1338,1267,9,Lanzarote,0,0
2020-11-14,1341,1280,9,Lanzarote,0,0
2020-11-15,1341,1282,9,Lanzarote,2,0
2020-11-16,1346,1287,9,Lanzarote,2,0
2020-11-17,1351,1290,9,Lanzarote,2,0
2020-11-18,1357,1294,9,Lanzarote,2,0
2020-11-19,1362,1299,9,Lanzarote,2,0
2020-11-20,1368,1302,9,Lanzarote,2,0
2020-11-21,1375,1306,9,Lanzarote,4,0
2020-11-22,1377,1313,9,Lanzarote,4,0
2020-11-23,1380,1317,9,Lanzarote,4,0
2020-11-24,1382,1320,9,Lanzarote,7,0
2020-11-25,1385,1321,9,Lanzarote,5,0
2020-11-26,1393,1324,9,Lanzarote,4,0
2020-11-27,1399,1330,9,Lanzarote,3,0
2020-11-28,1405,1332,9,Lanzarote,3,0
2020-11-29,1407,1335,9,Lanzarote,3,0
2020-11-30,1408,1346,9,Lanzarote,4,0
2020-10-01,1110,970,9,Lanzarote,7,2
2020-10-02,1110,976,9,Lanzarote,8,2
2020-10-03,1114,988,9,Lanzarote,8,2
2020-10-04,1117,998,9,Lanzarote,6,2
2020-10-05,1122,1020,9,Lanzarote,5,2
2020-10-06,1128,1032,9,Lanzarote,5,2
2020-10-07,1131,1042,9,Lanzarote,6,2
2020-10-08,1138,1051,9,Lanzarote,7,2
2020-10-09,1145,1062,9,Lanzarote,8,2
2020-10-10,1154,1067,9,Lanzarote,6,3
2020-10-11,1163,1074,9,Lanzarote,7,3
2020-10-12,1166,1079,9,Lanzarote,6,2
2020-10-13,1167,1092,9,Lanzarote,8,2
2020-10-14,1167,1096,9,Lanzarote,9,3
2020-10-15,1174,1101,9,Lanzarote,7,2
2020-10-16,1179,1107,9,Lanzarote,7,2
2020-10-17,1186,1112,9,Lanzarote,7,2
2020-10-18,1187,1118,9,Lanzarote,7,2
2020-10-19,1192,1122,9,Lanzarote,7,2
2020-10-20,1211,1130,9,Lanzarote,4,2
2020-10-21,1216,1131,9,Lanzarote,4,2
2020-10-22,1223,1135,9,Lanzarote,4,1
2020-10-23,1228,1140,9,Lanzarote,3,1
2020-10-24,1233,1140,9,Lanzarote,3,1
2020-10-25,1234,1146,9,Lanzarote,3,1
2020-10-26,1236,1153,9,Lanzarote,1,1
2020-10-27,1241,1162,9,Lanzarote,1,1
2020-10-28,1252,1166,9,Lanzarote,1,1
2020-10-29,1264,1169,9,Lanzarote,1,1
2020-10-30,1268,1173,9,Lanzarote,1,1
2020-10-31,1269,1179,9,Lanzarote,1,1
2020-09-01,626,185,7,Lanzarote,10,1
2020-09-02,672,198,7,Lanzarote,13,1
2020-09-03,727,236,7,Lanzarote,14,1
2020-09-04,760,238,7,Lanzarote,14,1
2020-09-05,783,273,7,Lanzarote,17,1
2020-09-06,812,282,7,Lanzarote,17,1
2020-09-07,819,296,7,Lanzarote,17,0
2020-09-08,860,305,7,Lanzarote,15,0
2020-09-09,906,327,7,Lanzarote,14,0
2020-09-10,927,400,7,Lanzarote,12,1
2020-09-11,941,438,7,Lanzarote,11,2
2020-09-12,951,470,7,Lanzarote,12,2
2020-09-13,962,509,8,Lanzarote,14,2
2020-09-14,978,567,8,Lanzarote,14,2
2020-09-15,982,609,8,Lanzarote,14,2
2020-09-16,989,634,8,Lanzarote,15,2
2020-09-17,1000,666,8,Lanzarote,12,2
2020-09-18,1004,718,8,Lanzarote,10,1
2020-09-19,1022,749,9,Lanzarote,10,1
2020-09-20,1031,776,9,Lanzarote,12,1
2020-09-21,1031,794,9,Lanzarote,11,1
2020-09-22,1040,832,9,Lanzarote,11,3
2020-09-23,1047,869,9,Lanzarote,9,3
2020-09-24,1068,893,9,Lanzarote,9,3
2020-09-25,1081,901,9,Lanzarote,10,3
2020-09-26,1085,918,9,Lanzarote,9,3
2020-09-27,1088,926,9,Lanzarote,9,2
2020-09-28,1091,934,9,Lanzarote,7,2
2020-09-29,1096,944,9,Lanzarote,7,2
2020-09-30,1105,957,9,Lanzarote,6,2
2020-04-01,73,2,2,La Palma,14,5
2020-04-02,73,2,3,La Palma,14,4
2020-04-03,74,2,4,La Palma,9,5
2020-04-04,75,2,4,La Palma,7,4
2020-04-05,75,2,4,La Palma,8,4
2020-04-06,76,6,4,La Palma,14,3
2020-04-07,78,8,4,La Palma,10,3
2020-04-08,78,8,4,La Palma,9,3
2020-04-09,79,10,4,La Palma,10,3
2020-04-10,80,11,4,La Palma,10,2
2020-04-11,82,12,4,La Palma,12,3
2020-04-12,82,15,4,La Palma,11,2
2020-04-13,82,17,4,La Palma,11,3
2020-04-14,82,17,5,La Palma,10,2
2020-04-15,82,18,5,La Palma,6,2
2020-04-16,82,20,5,La Palma,7,2
2020-04-17,82,23,6,La Palma,10,1
2020-04-18,84,39,6,La Palma,6,1
2020-04-19,85,41,6,La Palma,4,0
2020-04-20,85,43,6,La Palma,6,0
2020-04-21,85,43,6,La Palma,4,0
2020-04-22,86,43,6,La Palma,2,0
2020-04-23,86,43,6,La Palma,4,0
2020-04-24,86,43,6,La Palma,5,0
2020-04-25,87,43,6,La Palma,4,1
2020-04-26,88,43,6,La Palma,3,0
2020-04-27,88,47,6,La Palma,3,0
2020-04-28,88,49,6,La Palma,5,0
2020-04-29,88,49,6,La Palma,3,0
2020-04-30,88,49,6,La Palma,4,0
2020-08-01,106,100,6,La Palma,0,0
2020-08-02,106,100,6,La Palma,0,0
2020-08-03,106,100,6,La Palma,0,0
2020-08-04,106,100,6,La Palma,1,0
2020-08-05,106,100,6,La Palma,0,0
2020-08-06,106,100,6,La Palma,0,0
2020-08-07,106,100,6,La Palma,0,0
2020-08-08,112,100,6,La Palma,0,0
2020-08-09,113,100,6,La Palma,0,0
2020-08-10,113,100,6,La Palma,0,0
2020-08-11,115,100,6,La Palma,0,0
2020-08-12,115,100,6,La Palma,0,0
2020-08-13,115,100,6,La Palma,0,0
2020-08-14,117,100,6,La Palma,0,0
2020-08-15,118,100,6,La Palma,0,0
2020-08-16,118,100,6,La Palma,0,0
2020-08-17,118,100,6,La Palma,0,0
2020-08-18,120,100,6,La Palma,0,0
2020-08-19,122,100,6,La Palma,0,0
2020-08-20,122,100,6,La Palma,0,0
2020-08-21,126,100,6,La Palma,0,0
2020-08-22,127,106,6,La Palma,0,0
2020-08-23,127,106,6,La Palma,0,0
2020-08-24,128,106,6,La Palma,0,0
2020-08-25,129,106,6,La Palma,0,0
2020-08-26,130,106,6,La Palma,1,0
2020-08-27,134,106,6,La Palma,1,0
2020-08-28,136,111,6,La Palma,1,0
2020-08-29,138,113,6,La Palma,1,0
2020-08-30,140,113,6,La Palma,1,0
2020-08-31,142,113,6,La Palma,3,0
2020-12-01,216,203,6,La Palma,1,0
2020-12-02,216,203,6,La Palma,1,0
2020-12-03,218,207,6,La Palma,1,0
2020-12-04,218,208,6,La Palma,1,0
2020-12-05,220,208,6,La Palma,1,0
2020-12-06,220,208,6,La Palma,1,0
2020-12-07,220,209,6,La Palma,0,0
2020-12-08,220,209,6,La Palma,0,0
2020-12-09,222,209,6,La Palma,0,0
2020-12-10,222,209,6,La Palma,0,0
2020-12-11,222,209,6,La Palma,0,0
2020-12-12,246,209,6,La Palma,0,0
2020-12-13,249,209,6,La Palma,0,0
2020-12-14,250,210,6,La Palma,0,0
2020-12-15,251,211,6,La Palma,0,0
2020-12-16,252,211,6,La Palma,0,0
2020-12-17,252,211,6,La Palma,0,0
2020-12-18,252,213,6,La Palma,0,0
2020-12-19,252,214,6,La Palma,0,0
2020-12-20,253,214,6,La Palma,0,0
2020-12-21,255,214,6,La Palma,1,0
2020-12-22,269,222,6,La Palma,1,0
2020-12-23,270,226,6,La Palma,1,0
2020-12-24,272,227,6,La Palma,1,0
2020-12-25,273,227,6,La Palma,1,0
2020-12-26,275,228,6,La Palma,1,0
2020-12-27,281,228,6,La Palma,1,0
2020-12-28,285,229,6,La Palma,1,0
2020-12-29,289,243,6,La Palma,NA,NA
2020-12-30,294,243,6,La Palma,NA,NA
2020-12-31,300,246,6,La Palma,NA,NA
2020-02-25,0,0,0,La Palma,NA,NA
2020-02-27,0,0,0,La Palma,NA,NA
2020-02-28,0,0,0,La Palma,NA,NA
2020-02-29,0,0,0,La Palma,NA,NA
2021-01-01,300,246,6,La Palma,NA,NA
2021-01-02,303,258,6,La Palma,NA,NA
2021-01-03,306,260,6,La Palma,NA,NA
2020-01-31,0,0,0,La Palma,NA,NA
2020-07-01,106,100,6,La Palma,0,0
2020-07-02,106,100,6,La Palma,0,0
2020-07-03,106,100,6,La Palma,0,0
2020-07-04,106,100,6,La Palma,0,0
2020-07-06,106,100,6,La Palma,2,0
2020-07-08,106,100,6,La Palma,0,0
2020-07-09,106,100,6,La Palma,0,0
2020-07-10,106,100,6,La Palma,0,0
2020-07-11,106,100,6,La Palma,0,0
2020-07-12,106,100,6,La Palma,0,0
2020-07-13,106,100,6,La Palma,0,0
2020-07-14,106,100,6,La Palma,0,0
2020-07-15,106,100,6,La Palma,0,0
2020-07-16,106,100,6,La Palma,0,0
2020-07-17,106,100,6,La Palma,0,0
2020-07-18,106,100,6,La Palma,0,0
2020-07-19,106,100,6,La Palma,0,0
2020-07-20,106,100,6,La Palma,0,0
2020-07-21,106,100,6,La Palma,0,0
2020-07-22,106,100,6,La Palma,0,0
2020-07-23,106,100,6,La Palma,0,0
2020-07-24,106,100,6,La Palma,0,0
2020-07-25,106,100,6,La Palma,0,0
2020-07-26,106,100,6,La Palma,0,0
2020-07-27,106,100,6,La Palma,0,0
2020-07-28,106,100,6,La Palma,0,0
2020-07-29,106,100,6,La Palma,0,0
2020-07-30,106,100,6,La Palma,0,0
2020-07-31,106,100,6,La Palma,0,0
2020-06-01,100,86,6,La Palma,3,0
2020-06-02,100,86,6,La Palma,2,0
2020-06-03,100,86,6,La Palma,0,0
2020-06-04,100,86,6,La Palma,1,0
2020-06-05,100,86,6,La Palma,0,0
2020-06-06,102,86,6,La Palma,0,0
2020-06-07,103,86,6,La Palma,0,0
2020-06-08,104,86,6,La Palma,1,0
2020-06-09,104,87,6,La Palma,0,0
2020-06-10,104,87,6,La Palma,0,0
2020-06-11,104,87,6,La Palma,0,0
2020-06-12,105,87,6,La Palma,1,0
2020-06-13,105,87,6,La Palma,1,0
2020-06-14,105,88,6,La Palma,0,0
2020-06-15,106,88,6,La Palma,1,0
2020-06-16,106,89,6,La Palma,2,0
2020-06-17,106,90,6,La Palma,2,0
2020-06-18,106,90,6,La Palma,2,0
2020-06-19,106,91,6,La Palma,2,0
2020-06-20,106,92,6,La Palma,2,0
2020-06-21,106,92,6,La Palma,2,0
2020-06-22,106,93,6,La Palma,2,0
2020-06-23,106,99,6,La Palma,0,0
2020-06-24,106,99,6,La Palma,0,0
2020-06-25,106,100,6,La Palma,1,0
2020-06-26,106,100,6,La Palma,0,0
2020-06-27,106,100,6,La Palma,0,0
2020-06-28,106,100,6,La Palma,0,0
2020-06-29,106,100,6,La Palma,0,0
2020-06-30,106,100,6,La Palma,0,0
2020-03-03,0,0,0,La Palma,NA,NA
2020-03-04,0,0,0,La Palma,NA,NA
2020-03-05,0,0,0,La Palma,NA,NA
2020-03-06,0,0,0,La Palma,NA,NA
2020-03-07,0,0,0,La Palma,NA,NA
2020-03-08,0,0,0,La Palma,NA,NA
2020-03-09,0,0,0,La Palma,NA,NA
2020-03-10,0,0,0,La Palma,NA,NA
2020-03-11,2,0,0,La Palma,NA,NA
2020-03-12,2,0,0,La Palma,NA,NA
2020-03-13,3,0,0,La Palma,NA,NA
2020-03-14,5,0,0,La Palma,NA,NA
2020-03-15,5,0,0,La Palma,NA,NA
2020-03-16,5,0,0,La Palma,NA,NA
2020-03-17,6,0,0,La Palma,NA,NA
2020-03-18,7,0,0,La Palma,NA,NA
2020-03-19,11,0,0,La Palma,NA,NA
2020-03-20,12,0,0,La Palma,NA,NA
2020-03-21,20,0,0,La Palma,NA,NA
2020-03-22,26,0,0,La Palma,NA,NA
2020-03-23,33,0,0,La Palma,9,4
2020-03-24,38,0,0,La Palma,13,4
2020-03-25,38,0,0,La Palma,13,4
2020-03-26,42,0,0,La Palma,13,4
2020-03-27,48,0,1,La Palma,10,5
2020-03-28,50,0,2,La Palma,13,4
2020-03-29,55,1,2,La Palma,13,4
2020-03-30,66,2,2,La Palma,19,5
2020-03-31,72,2,2,La Palma,14,5
2020-05-01,88,50,6,La Palma,3,0
2020-05-02,88,51,6,La Palma,2,0
2020-05-03,88,52,6,La Palma,2,0
2020-05-04,88,55,6,La Palma,2,0
2020-05-05,91,57,6,La Palma,5,0
2020-05-06,91,57,6,La Palma,5,0
2020-05-07,93,57,6,La Palma,6,0
2020-05-08,93,58,6,La Palma,5,0
2020-05-09,93,61,6,La Palma,3,0
2020-05-10,94,63,6,La Palma,3,0
2020-05-11,95,64,6,La Palma,4,0
2020-05-12,95,66,6,La Palma,1,0
2020-05-13,95,67,6,La Palma,0,0
2020-05-14,95,68,6,La Palma,0,0
2020-05-15,95,68,6,La Palma,2,0
2020-05-16,95,68,6,La Palma,1,0
2020-05-17,95,68,6,La Palma,0,0
2020-05-18,95,68,6,La Palma,0,0
2020-05-19,95,69,6,La Palma,0,0
2020-05-20,95,69,6,La Palma,1,1
2020-05-21,95,72,6,La Palma,1,0
2020-05-22,95,72,6,La Palma,1,0
2020-05-23,95,75,6,La Palma,3,0
2020-05-24,95,77,6,La Palma,0,0
2020-05-25,95,77,6,La Palma,0,0
2020-05-26,95,77,6,La Palma,1,0
2020-05-27,95,78,6,La Palma,1,0
2020-05-28,96,80,6,La Palma,1,0
2020-05-29,98,83,6,La Palma,1,0
2020-05-30,98,83,6,La Palma,1,0
2020-05-31,99,85,6,La Palma,3,0
2020-11-01,195,185,6,La Palma,0,0
2020-11-02,196,186,6,La Palma,0,0
2020-11-03,196,186,6,La Palma,0,0
2020-11-04,196,186,6,La Palma,0,0
2020-11-05,196,186,6,La Palma,0,0
2020-11-06,197,187,6,La Palma,0,0
2020-11-07,198,188,6,La Palma,0,0
2020-11-08,199,188,6,La Palma,0,0
2020-11-09,200,188,6,La Palma,0,0
2020-11-10,201,189,6,La Palma,0,0
2020-11-11,201,189,6,La Palma,0,0
2020-11-12,201,190,6,La Palma,0,0
2020-11-13,201,190,6,La Palma,0,0
2020-11-14,203,190,6,La Palma,0,0
2020-11-15,205,190,6,La Palma,0,0
2020-11-16,205,191,6,La Palma,0,0
2020-11-17,206,192,6,La Palma,0,0
2020-11-18,209,193,6,La Palma,0,0
2020-11-19,210,193,6,La Palma,0,0
2020-11-20,210,193,6,La Palma,0,0
2020-11-21,210,193,6,La Palma,0,0
2020-11-22,210,193,6,La Palma,0,0
2020-11-23,213,194,6,La Palma,0,0
2020-11-24,213,195,6,La Palma,1,0
2020-11-25,213,198,6,La Palma,1,0
2020-11-26,213,198,6,La Palma,1,0
2020-11-27,215,200,6,La Palma,2,0
2020-11-28,215,200,6,La Palma,2,0
2020-11-29,215,202,6,La Palma,2,0
2020-11-30,215,202,6,La Palma,2,0
2020-10-01,183,169,6,La Palma,0,0
2020-10-02,183,169,6,La Palma,0,0
2020-10-03,183,170,6,La Palma,0,0
2020-10-04,183,170,6,La Palma,0,0
2020-10-05,184,170,6,La Palma,1,0
2020-10-06,185,170,6,La Palma,1,0
2020-10-07,185,175,6,La Palma,1,0
2020-10-08,185,175,6,La Palma,1,0
2020-10-09,186,175,6,La Palma,1,0
2020-10-10,187,177,6,La Palma,1,0
2020-10-11,187,177,6,La Palma,1,0
2020-10-12,188,179,6,La Palma,1,0
2020-10-13,188,179,6,La Palma,1,0
2020-10-14,188,179,6,La Palma,1,0
2020-10-15,189,179,6,La Palma,1,0
2020-10-16,191,180,6,La Palma,1,0
2020-10-17,191,180,6,La Palma,1,0
2020-10-18,191,180,6,La Palma,1,0
2020-10-19,192,180,6,La Palma,1,0
2020-10-20,192,180,6,La Palma,0,0
2020-10-21,192,181,6,La Palma,0,0
2020-10-22,192,181,6,La Palma,1,0
2020-10-23,192,181,6,La Palma,1,0
2020-10-24,192,181,6,La Palma,1,0
2020-10-25,192,181,6,La Palma,1,0
2020-10-26,192,185,6,La Palma,1,0
2020-10-27,193,185,6,La Palma,1,0
2020-10-28,194,185,6,La Palma,1,0
2020-10-29,194,185,6,La Palma,1,0
2020-10-30,194,185,6,La Palma,0,0
2020-10-31,195,185,6,La Palma,0,0
2020-09-01,147,114,6,La Palma,0,0
2020-09-02,150,115,6,La Palma,0,0
2020-09-03,150,117,6,La Palma,0,0
2020-09-04,153,122,6,La Palma,0,0
2020-09-05,158,122,6,La Palma,0,0
2020-09-06,162,122,6,La Palma,0,0
2020-09-07,163,126,6,La Palma,0,0
2020-09-08,163,126,6,La Palma,0,0
2020-09-09,169,126,6,La Palma,0,0
2020-09-10,172,131,6,La Palma,0,0
2020-09-11,172,133,6,La Palma,0,0
2020-09-12,173,134,6,La Palma,0,0
2020-09-13,173,134,6,La Palma,0,0
2020-09-14,173,139,6,La Palma,0,0
2020-09-15,174,141,6,La Palma,0,0
2020-09-16,174,142,6,La Palma,0,0
2020-09-17,174,146,6,La Palma,0,0
2020-09-18,174,148,6,La Palma,0,0
2020-09-19,174,155,6,La Palma,0,0
2020-09-20,174,156,6,La Palma,0,0
2020-09-21,174,163,6,La Palma,0,0
2020-09-22,174,165,6,La Palma,0,0
2020-09-23,175,166,6,La Palma,0,0
2020-09-24,178,167,6,La Palma,0,0
2020-09-25,178,168,6,La Palma,0,0
2020-09-26,179,168,6,La Palma,0,0
2020-09-27,179,168,6,La Palma,0,0
2020-09-28,179,168,6,La Palma,0,0
2020-09-29,179,168,6,La Palma,0,0
2020-09-30,183,168,6,La Palma,0,0
2020-04-01,1560,179,76,Tenerife,291,54
2020-04-02,1623,203,83,Tenerife,291,52
2020-04-03,1662,257,88,Tenerife,301,45
2020-04-04,1699,289,91,Tenerife,311,47
2020-04-05,1746,326,93,Tenerife,327,46
2020-04-06,1784,381,96,Tenerife,331,45
2020-04-07,1850,418,96,Tenerife,339,50
2020-04-08,1878,485,100,Tenerife,341,40
2020-04-09,1903,523,101,Tenerife,345,44
2020-04-10,1934,564,101,Tenerife,327,43
2020-04-11,1975,590,103,Tenerife,308,44
2020-04-12,1979,608,103,Tenerife,325,42
2020-04-13,1997,660,106,Tenerife,323,44
2020-04-14,2007,713,108,Tenerife,321,44
2020-04-15,2029,777,114,Tenerife,299,41
2020-04-16,2048,841,117,Tenerife,296,39
2020-04-17,2068,917,120,Tenerife,249,39
2020-04-18,2083,956,121,Tenerife,241,39
2020-04-19,2093,973,122,Tenerife,225,43
2020-04-20,2107,1038,123,Tenerife,229,40
2020-04-21,2121,1089,126,Tenerife,226,39
2020-04-22,2143,1146,129,Tenerife,193,37
2020-04-23,2154,1192,132,Tenerife,181,36
2020-04-24,2168,1246,136,Tenerife,164,33
2020-04-25,2180,1263,136,Tenerife,162,33
2020-04-26,2187,1267,137,Tenerife,165,32
2020-04-27,2199,1317,138,Tenerife,146,26
2020-04-28,2205,1357,139,Tenerife,149,31
2020-04-29,2207,1392,140,Tenerife,145,28
2020-04-30,2216,1443,141,Tenerife,142,29
2020-08-01,2671,2377,162,Tenerife,22,1
2020-08-02,2695,2377,162,Tenerife,22,1
2020-08-03,2710,2378,162,Tenerife,24,1
2020-08-04,2727,2383,162,Tenerife,30,1
2020-08-05,2757,2396,162,Tenerife,29,1
2020-08-06,2815,2402,162,Tenerife,26,2
2020-08-07,2868,2409,163,Tenerife,31,2
2020-08-08,2920,2416,164,Tenerife,32,2
2020-08-09,2969,2418,164,Tenerife,36,1
2020-08-10,3057,2439,164,Tenerife,27,1
2020-08-11,3124,2469,164,Tenerife,32,2
2020-08-12,3229,2482,164,Tenerife,34,2
2020-08-13,3338,2503,164,Tenerife,37,2
2020-08-14,3482,2535,165,Tenerife,40,4
2020-08-15,3645,2562,165,Tenerife,36,4
2020-08-16,3725,2578,166,Tenerife,34,3
2020-08-17,3828,2627,166,Tenerife,37,3
2020-08-18,3977,2683,166,Tenerife,40,5
2020-08-19,4165,2719,166,Tenerife,36,3
2020-08-20,4357,2813,168,Tenerife,32,4
2020-08-21,4681,2921,168,Tenerife,35,4
2020-08-22,4921,3023,168,Tenerife,31,5
2020-08-23,5039,3100,169,Tenerife,36,5
2020-08-24,5264,3263,169,Tenerife,42,6
2020-08-25,5576,3384,170,Tenerife,33,6
2020-08-26,5919,3489,172,Tenerife,36,6
2020-08-27,6234,3630,173,Tenerife,41,6
2020-08-28,6507,3844,174,Tenerife,36,6
2020-08-29,6844,3935,175,Tenerife,36,6
2020-08-30,7147,4058,175,Tenerife,43,6
2020-08-31,7385,4276,175,Tenerife,40,9
2020-12-01,21362,19037,342,Tenerife,153,26
2020-12-02,21577,19123,342,Tenerife,141,26
2020-12-03,21732,19235,342,Tenerife,149,29
2020-12-04,21956,19367,344,Tenerife,159,28
2020-12-05,22146,19439,345,Tenerife,162,28
2020-12-06,22238,19503,346,Tenerife,171,30
2020-12-07,22413,19594,349,Tenerife,169,28
2020-12-08,22519,19636,350,Tenerife,183,29
2020-12-09,22716,19731,350,Tenerife,197,29
2020-12-10,22954,19779,354,Tenerife,193,30
2020-12-11,23147,19835,357,Tenerife,209,30
2020-12-12,23481,19869,358,Tenerife,231,32
2020-12-13,23612,19888,361,Tenerife,233,32
2020-12-14,23736,19944,362,Tenerife,242,32
2020-12-15,24050,19969,367,Tenerife,247,29
2020-12-16,24277,20015,371,Tenerife,237,29
2020-12-17,24561,20039,375,Tenerife,229,27
2020-12-18,24772,20062,379,Tenerife,212,30
2020-12-19,25021,20080,381,Tenerife,218,33
2020-12-20,25145,20093,387,Tenerife,225,34
2020-12-21,25294,20125,390,Tenerife,227,30
2020-12-22,25532,20165,394,Tenerife,217,32
2020-12-23,25731,20205,396,Tenerife,208,33
2020-12-24,25934,20227,399,Tenerife,201,28
2020-12-25,26097,20254,401,Tenerife,213,29
2020-12-26,26223,20273,402,Tenerife,220,33
2020-12-27,26352,20291,403,Tenerife,230,32
2020-12-28,26600,20339,407,Tenerife,234,34
2020-12-29,26879,20406,410,Tenerife,NA,NA
2020-12-30,27106,20448,415,Tenerife,NA,NA
2020-12-31,27410,20500,419,Tenerife,NA,NA
2020-02-25,2,0,0,Tenerife,NA,NA
2020-02-27,5,0,0,Tenerife,NA,NA
2020-02-28,6,0,0,Tenerife,NA,NA
2020-02-29,7,0,0,Tenerife,NA,NA
2021-01-01,27553,20524,420,Tenerife,NA,NA
2021-01-02,27719,20561,424,Tenerife,NA,NA
2021-01-03,27872,20576,424,Tenerife,NA,NA
2020-01-31,1,0,0,Tenerife,NA,NA
2020-07-01,2440,2240,162,Tenerife,11,1
2020-07-02,2441,2244,162,Tenerife,8,1
2020-07-03,2444,2247,162,Tenerife,8,0
2020-07-04,2445,2247,162,Tenerife,13,1
2020-07-06,2446,2247,162,Tenerife,15,1
2020-07-08,2452,2248,162,Tenerife,11,0
2020-07-09,2457,2249,162,Tenerife,11,0
2020-07-10,2459,2253,162,Tenerife,8,0
2020-07-11,2460,2254,162,Tenerife,10,0
2020-07-12,2461,2254,162,Tenerife,13,0
2020-07-13,2466,2257,162,Tenerife,11,0
2020-07-14,2471,2274,162,Tenerife,15,1
2020-07-15,2484,2277,162,Tenerife,12,1
2020-07-16,2487,2277,162,Tenerife,18,1
2020-07-17,2496,2280,162,Tenerife,11,1
2020-07-18,2508,2282,162,Tenerife,12,1
2020-07-19,2555,2282,162,Tenerife,14,1
2020-07-20,2557,2284,162,Tenerife,15,2
2020-07-21,2568,2287,162,Tenerife,14,1
2020-07-22,2574,2287,162,Tenerife,12,1
2020-07-23,2582,2298,162,Tenerife,14,1
2020-07-24,2592,2318,162,Tenerife,17,1
2020-07-25,2610,2323,162,Tenerife,19,1
2020-07-26,2611,2326,162,Tenerife,24,1
2020-07-27,2616,2333,162,Tenerife,24,1
2020-07-28,2622,2338,162,Tenerife,24,1
2020-07-29,2627,2359,162,Tenerife,23,2
2020-07-30,2634,2368,162,Tenerife,21,1
2020-07-31,2646,2377,162,Tenerife,24,1
2020-06-01,2361,2080,160,Tenerife,37,6
2020-06-02,2365,2091,161,Tenerife,33,4
2020-06-03,2370,2104,161,Tenerife,34,3
2020-06-04,2371,2112,161,Tenerife,30,2
2020-06-05,2371,2119,161,Tenerife,32,2
2020-06-06,2376,2120,161,Tenerife,28,2
2020-06-07,2377,2124,161,Tenerife,32,2
2020-06-08,2378,2133,161,Tenerife,27,2
2020-06-09,2378,2138,161,Tenerife,25,2
2020-06-10,2379,2142,162,Tenerife,25,2
2020-06-11,2380,2154,162,Tenerife,24,1
2020-06-12,2384,2157,162,Tenerife,23,2
2020-06-13,2386,2160,162,Tenerife,26,3
2020-06-14,2387,2164,162,Tenerife,18,1
2020-06-15,2388,2167,162,Tenerife,17,1
2020-06-16,2390,2175,162,Tenerife,22,1
2020-06-17,2404,2183,162,Tenerife,18,1
2020-06-18,2408,2187,162,Tenerife,17,1
2020-06-19,2409,2191,162,Tenerife,20,2
2020-06-20,2421,2194,162,Tenerife,20,2
2020-06-21,2421,2195,162,Tenerife,26,3
2020-06-22,2421,2200,162,Tenerife,17,2
2020-06-23,2427,2211,162,Tenerife,18,2
2020-06-24,2429,2212,162,Tenerife,16,2
2020-06-25,2430,2216,162,Tenerife,12,1
2020-06-26,2431,2220,162,Tenerife,12,1
2020-06-27,2431,2223,162,Tenerife,14,1
2020-06-28,2431,2224,162,Tenerife,13,1
2020-06-29,2431,2229,162,Tenerife,14,1
2020-06-30,2436,2233,162,Tenerife,11,1
2020-03-03,8,1,0,Tenerife,NA,NA
2020-03-04,8,2,0,Tenerife,NA,NA
2020-03-05,11,3,0,Tenerife,NA,NA
2020-03-06,17,3,0,Tenerife,NA,NA
2020-03-07,20,3,0,Tenerife,NA,NA
2020-03-08,21,5,0,Tenerife,NA,NA
2020-03-09,24,5,0,Tenerife,NA,NA
2020-03-10,32,5,0,Tenerife,NA,NA
2020-03-11,48,5,0,Tenerife,NA,NA
2020-03-12,65,5,0,Tenerife,NA,NA
2020-03-13,89,6,1,Tenerife,NA,NA
2020-03-14,113,7,1,Tenerife,NA,NA
2020-03-15,132,8,2,Tenerife,NA,NA
2020-03-16,179,9,3,Tenerife,NA,NA
2020-03-17,222,10,4,Tenerife,NA,NA
2020-03-18,292,12,4,Tenerife,NA,NA
2020-03-19,365,13,7,Tenerife,NA,NA
2020-03-20,441,15,10,Tenerife,NA,NA
2020-03-21,530,15,10,Tenerife,NA,NA
2020-03-22,603,18,14,Tenerife,NA,NA
2020-03-23,696,24,18,Tenerife,187,25
2020-03-24,844,28,23,Tenerife,200,34
2020-03-25,937,36,29,Tenerife,224,38
2020-03-26,1072,47,38,Tenerife,247,41
2020-03-27,1156,67,48,Tenerife,274,41
2020-03-28,1242,81,53,Tenerife,287,47
2020-03-29,1331,94,58,Tenerife,317,50
2020-03-30,1421,125,62,Tenerife,308,51
2020-03-31,1498,151,69,Tenerife,280,55
2020-05-01,2224,1464,143,Tenerife,126,26
2020-05-02,2229,1482,144,Tenerife,115,27
2020-05-03,2234,1493,145,Tenerife,121,26
2020-05-04,2234,1544,145,Tenerife,124,22
2020-05-05,2239,1574,146,Tenerife,120,15
2020-05-06,2243,1620,150,Tenerife,117,14
2020-05-07,2254,1646,150,Tenerife,108,10
2020-05-08,2261,1689,151,Tenerife,97,10
2020-05-09,2264,1704,151,Tenerife,97,11
2020-05-10,2270,1714,151,Tenerife,90,10
2020-05-11,2273,1738,152,Tenerife,79,8
2020-05-12,2275,1762,152,Tenerife,82,8
2020-05-13,2282,1798,152,Tenerife,77,8
2020-05-14,2286,1832,152,Tenerife,81,13
2020-05-15,2292,1849,152,Tenerife,71,10
2020-05-16,2297,1858,154,Tenerife,64,8
2020-05-17,2297,1864,156,Tenerife,69,9
2020-05-18,2299,1892,157,Tenerife,71,11
2020-05-19,2310,1918,157,Tenerife,62,11
2020-05-20,2315,1939,157,Tenerife,56,9
2020-05-21,2321,1959,157,Tenerife,56,8
2020-05-22,2324,1986,157,Tenerife,49,9
2020-05-23,2325,1997,157,Tenerife,51,9
2020-05-24,2327,2000,157,Tenerife,45,7
2020-05-25,2333,2012,158,Tenerife,51,7
2020-05-26,2335,2029,159,Tenerife,51,6
2020-05-27,2336,2038,160,Tenerife,47,5
2020-05-28,2343,2050,160,Tenerife,40,5
2020-05-29,2354,2062,160,Tenerife,36,4
2020-05-30,2356,2069,160,Tenerife,38,5
2020-05-31,2357,2072,160,Tenerife,39,4
2020-11-01,17603,15805,288,Tenerife,137,25
2020-11-02,17662,15964,290,Tenerife,146,26
2020-11-03,17796,16074,292,Tenerife,156,27
2020-11-04,17954,16162,292,Tenerife,148,29
2020-11-05,18129,16273,293,Tenerife,136,28
2020-11-06,18309,16414,295,Tenerife,149,29
2020-11-07,18497,16488,298,Tenerife,157,29
2020-11-08,18595,16560,300,Tenerife,165,28
2020-11-09,18667,16734,302,Tenerife,160,30
2020-11-10,18795,16866,304,Tenerife,163,31
2020-11-11,18924,16995,306,Tenerife,166,30
2020-11-12,19041,17145,307,Tenerife,170,31
2020-11-13,19219,17326,308,Tenerife,162,31
2020-11-14,19324,17443,309,Tenerife,165,33
2020-11-15,19393,17537,312,Tenerife,168,29
2020-11-16,19467,17671,313,Tenerife,173,29
2020-11-17,19631,17789,315,Tenerife,170,30
2020-11-18,19753,17884,316,Tenerife,159,28
2020-11-19,19872,17991,317,Tenerife,149,29
2020-11-20,20007,18098,319,Tenerife,141,28
2020-11-21,20123,18173,322,Tenerife,150,27
2020-11-22,20198,18234,325,Tenerife,152,25
2020-11-23,20326,18327,330,Tenerife,152,24
2020-11-24,20473,18400,330,Tenerife,157,23
2020-11-25,20607,18462,332,Tenerife,142,24
2020-11-26,20722,18563,335,Tenerife,143,25
2020-11-27,20849,18684,338,Tenerife,123,23
2020-11-28,20986,18758,341,Tenerife,132,24
2020-11-29,21069,18812,341,Tenerife,143,24
2020-11-30,21174,18959,341,Tenerife,141,24
2020-10-01,13904,11478,243,Tenerife,92,16
2020-10-02,14022,11673,244,Tenerife,77,15
2020-10-03,14184,11783,244,Tenerife,98,18
2020-10-04,14288,11881,244,Tenerife,106,20
2020-10-05,14367,12138,246,Tenerife,111,23
2020-10-06,14489,12303,247,Tenerife,113,25
2020-10-07,14612,12505,249,Tenerife,114,24
2020-10-08,14790,12659,249,Tenerife,111,27
2020-10-09,14930,12827,251,Tenerife,108,26
2020-10-10,15065,12970,253,Tenerife,114,27
2020-10-11,15200,13062,255,Tenerife,124,28
2020-10-12,15252,13163,255,Tenerife,124,25
2020-10-13,15320,13425,257,Tenerife,127,25
2020-10-14,15429,13562,257,Tenerife,141,27
2020-10-15,15584,13706,258,Tenerife,142,27
2020-10-16,15714,13863,264,Tenerife,122,28
2020-10-17,15846,13973,265,Tenerife,123,29
2020-10-18,15957,14059,265,Tenerife,128,31
2020-10-19,16084,14254,267,Tenerife,134,30
2020-10-20,16231,14364,271,Tenerife,133,30
2020-10-21,16381,14494,272,Tenerife,138,28
2020-10-22,16536,14594,275,Tenerife,146,27
2020-10-23,16621,14726,275,Tenerife,162,30
2020-10-24,16743,14826,277,Tenerife,165,30
2020-10-25,16786,14914,277,Tenerife,153,30
2020-10-26,16873,15092,279,Tenerife,148,29
2020-10-27,16975,15190,282,Tenerife,145,29
2020-10-28,17121,15316,282,Tenerife,147,27
2020-10-29,17229,15461,283,Tenerife,138,28
2020-10-30,17344,15652,283,Tenerife,129,27
2020-10-31,17481,15726,286,Tenerife,136,26
2020-09-01,7651,4464,177,Tenerife,41,9
2020-09-02,7988,4619,180,Tenerife,41,11
2020-09-03,8368,4891,181,Tenerife,47,14
2020-09-04,8753,5141,182,Tenerife,52,15
2020-09-05,9045,5301,186,Tenerife,50,12
2020-09-06,9230,5421,188,Tenerife,50,13
2020-09-07,9418,5687,190,Tenerife,62,14
2020-09-08,9642,5897,193,Tenerife,58,16
2020-09-09,9912,6184,196,Tenerife,52,16
2020-09-10,10170,6574,199,Tenerife,47,13
2020-09-11,10429,6900,203,Tenerife,51,15
2020-09-12,10693,7085,203,Tenerife,56,13
2020-09-13,10900,7246,205,Tenerife,55,12
2020-09-14,11015,7653,211,Tenerife,54,12
2020-09-15,11196,7947,213,Tenerife,48,12
2020-09-16,11348,8242,214,Tenerife,48,14
2020-09-17,11526,8509,216,Tenerife,51,14
2020-09-18,11735,8846,218,Tenerife,52,15
2020-09-19,11932,9069,222,Tenerife,52,17
2020-09-20,12052,9275,223,Tenerife,66,18
2020-09-21,12224,9616,225,Tenerife,63,19
2020-09-22,12382,9881,227,Tenerife,62,18
2020-09-23,12533,10094,227,Tenerife,62,19
2020-09-24,12791,10288,233,Tenerife,75,19
2020-09-25,12943,10516,238,Tenerife,79,21
2020-09-26,13124,10632,239,Tenerife,73,24
2020-09-27,13278,10718,241,Tenerife,76,25
2020-09-28,13366,10976,241,Tenerife,79,24
2020-09-29,13527,11120,241,Tenerife,94,21
2020-09-30,13706,11293,241,Tenerife,83,20
